Tweeter Account,Tweets,Created Date,Compound Score,Positive Score,Negative Score,Neutral Score
BBC News (World),Separation of migrant families: What other countries do https://t.co/bummTfGy1s,Wed Jun 06 23:38:56 +0000 2018,0.00,0.00,0.00,1.00
BBC News (World),Meet the nuns helping save a sacred species from extinction https://t.co/ZnNO70hVWK,Wed Jun 06 23:33:41 +0000 2018,0.66,0.40,0.00,0.60
BBC News (World),G7 summit: Trapped in the world's most secure house https://t.co/vi0xs1ZJP0,Wed Jun 06 23:33:40 +0000 2018,-0.18,0.19,0.24,0.57
BBC News (World),A North Korean wishlist: The three things Pyongyang wants https://t.co/Jhom6dFvdG,Wed Jun 06 23:33:40 +0000 2018,0.00,0.00,0.00,1.00
BBC News (World),Ethiopia offers Eritrea chance to end Africa's longest war https://t.co/FJE1bCvTjE,Wed Jun 06 23:17:39 +0000 2018,-0.44,0.14,0.28,0.58
BBC News (World),"Storm over India film on women who 'smoke, drink and have sex' https://t.co/TsbQ2QeEcm",Wed Jun 06 23:12:51 +0000 2018,0.00,0.00,0.00,1.00
BBC News (World),The deadly cost of the US air war in Afghanistan https://t.co/83XJGbbxwJ,Wed Jun 06 23:08:13 +0000 2018,-0.60,0.00,0.28,0.72
BBC News (World),Texas man nearly dies after being bitten by severed snake head https://t.co/0eT1E5Po4f,Wed Jun 06 23:08:13 +0000 2018,-0.36,0.00,0.18,0.81
BBC News (World),"Kate Spade's husband: Apparent suicide a ""complete shock"" https://t.co/9tgj8h359d",Wed Jun 06 23:03:19 +0000 2018,-0.80,0.00,0.54,0.46
BBC News (World),Trump accused of not knowing words to God Bless America https://t.co/FOMRl0Ld0w,Wed Jun 06 22:44:33 +0000 2018,0.40,0.33,0.15,0.53
BBC News (World),Backwards commute: Car escapes traffic by driving in reverse https://t.co/R2nutyUeZW,Wed Jun 06 22:10:23 +0000 2018,0.13,0.14,0.00,0.86
BBC News (World),Slovakia: Why is a Nato state using Soviet-designed jets? https://t.co/ygICxWiyYI,Wed Jun 06 21:55:16 +0000 2018,0.00,0.00,0.00,1.00
BBC News (World),Scores of Ethiopian migrants drown off Yemen's coast https://t.co/KayTYyusIw,Wed Jun 06 21:18:42 +0000 2018,-0.57,0.00,0.32,0.68
BBC News (World),RT @awzurcher: Expanding my thoughts on Trumps discovery of the undervalued power of the pardon. https://t.co/1CoKLdrIw2 https://t.co/dNVYQ‚Ä¶,Wed Jun 06 21:14:50 +0000 2018,0.32,0.13,0.00,0.87
BBC News (World),"The axolotl - an amphibian on the very brink of extinction ‚Äì is believed to have mystical, healing powers.‚Ä¶ https://t.co/ILlZa7w9qC",Wed Jun 06 21:04:07 +0000 2018,0.00,0.00,0.00,1.00
BBC News (World),Immigrant detained after delivering pizza to Army base https://t.co/bhI0gWCnNA,Wed Jun 06 20:21:49 +0000 2018,-0.40,0.00,0.25,0.75
BBC News (World),Trump attacks 'vicious' rumours about Melania https://t.co/fJ9ZDOqzAu,Wed Jun 06 19:06:57 +0000 2018,-0.44,0.00,0.33,0.67
BBC News (World),Iraqi parliament orders manual election recount https://t.co/Wup3JOe0lM,Wed Jun 06 18:45:14 +0000 2018,0.00,0.00,0.00,1.00
BBC News (World),Giuliani: Kim Jong-un 'begged' for summit to take place https://t.co/LRoc7vsJdx,Wed Jun 06 17:43:51 +0000 2018,0.00,0.00,0.00,1.00
BBC News (World),World Cup 2018: Farmer sews 'longest' German flag https://t.co/i9hOJUcODT,Wed Jun 06 17:13:29 +0000 2018,0.00,0.00,0.00,1.00
BBC News (World),Jerry Maren: Last Wizard of Oz Munchkin dies aged 98 https://t.co/RoA28fv9Zi,Wed Jun 06 17:03:44 +0000 2018,0.00,0.00,0.00,1.00
BBC News (World),Trump grants Kardashian's clemency plea https://t.co/1LsfubcKpy,Wed Jun 06 16:51:30 +0000 2018,0.23,0.28,0.00,0.72
BBC News (World),"RT @BBCBreaking: After a plea from Kim Kardashian, Donald Trump agrees to free great-grandmother jailed for two decades, US media say https‚Ä¶",Wed Jun 06 16:45:54 +0000 2018,0.23,0.19,0.12,0.68
BBC News (World),Myanmar's military accused of violence against Kachin people https://t.co/e8Hc7w2HTy,Wed Jun 06 16:44:17 +0000 2018,-0.74,0.00,0.47,0.53
BBC News (World),Mandarin Oriental fire: Video shows smoke at London hotel https://t.co/QpxVMM2Q35,Wed Jun 06 16:03:30 +0000 2018,-0.34,0.00,0.21,0.79
BBC News (World),US child migrants: Sessions defends border separations https://t.co/sdhL1fXqaL,Wed Jun 06 15:58:25 +0000 2018,0.00,0.00,0.00,1.00
BBC News (World),French My Million lottery player scoops second ‚Ç¨1m jackpot https://t.co/EY4ycKXEOC,Wed Jun 06 15:29:14 +0000 2018,0.00,0.00,0.00,1.00
BBC News (World),Belleau Wood: Why this WWI battle is still important in US https://t.co/LX9Wy6uuZx,Wed Jun 06 15:14:01 +0000 2018,-0.20,0.12,0.18,0.69
BBC News (World),Volkswagen admits it can't cope with new emissions tests https://t.co/F9XDn3cgj2,Wed Jun 06 14:54:28 +0000 2018,0.30,0.20,0.00,0.80
BBC News (World),"üßü‚Äç‚ôÇÔ∏èüßü‚Äç‚ôÄÔ∏èüßü‚Äç‚ôÇÔ∏èüßü‚Äç‚ôÄÔ∏èüßü‚Äç‚ôÇÔ∏èüßü‚Äç‚ôÄÔ∏èüßü‚Äç‚ôÇÔ∏èüßü‚Äç‚ôÄÔ∏èüßü‚Äç‚ôÇÔ∏èüßü‚Äç‚ôÄÔ∏èüßü‚Äç‚ôÇÔ∏èüßü‚Äç‚ôÄÔ∏èüßü‚Äç‚ôÇÔ∏èüßü‚Äç‚ôÄÔ∏èüßü‚Äç‚ôÇÔ∏èüßü‚Äç‚ôÄÔ∏èüßü‚Äç‚ôÇÔ∏èüßü‚Äç‚ôÄÔ∏èüßü‚Äç‚ôÇÔ∏èüßü‚Äç‚ôÄÔ∏èüßü‚Äç‚ôÇÔ∏èüßü‚Äç‚ôÄÔ∏èüßü‚Äç‚ôÇÔ∏èüßü‚Äç‚ôÄÔ∏èüßü‚Äç‚ôÇÔ∏èüßü‚Äç‚ôÄÔ∏èüßü‚Äç‚ôÇÔ∏èüßü‚Äç‚ôÇÔ∏è

https://t.co/b0KyhE4yFQ",Wed Jun 06 14:28:34 +0000 2018,0.00,0.00,0.00,1.00
BBC News (World),"RT @BBCSport: Why have Argentina cancelled their World Cup friendly against Israel?

The situation explained üëâ https://t.co/0KPwDmgp46 http‚Ä¶",Wed Jun 06 14:23:25 +0000 2018,0.30,0.16,0.10,0.74
BBC News (World),Pakistan relief after abducted journalist Gul Bukhari is freed https://t.co/8fsrhFR9ky,Wed Jun 06 14:13:09 +0000 2018,0.36,0.36,0.20,0.43
BBC News (World),"üöì US police chase stolen armoured personnel carrier üöì 

https://t.co/Em4XXzkYL5 https://t.co/qnLGBOZOak",Wed Jun 06 14:00:21 +0000 2018,-0.49,0.00,0.29,0.71
BBC News (World),Amazon and eBay pull CloudPets smart toys from sale https://t.co/4saBCNSp4i,Wed Jun 06 13:58:04 +0000 2018,0.53,0.35,0.00,0.65
BBC News (World),"RT @BBCNewsNI: .@PresidentIRL apologises to women who were forced to work in Magdalene Laundries during ""a dark period in the country's his‚Ä¶",Wed Jun 06 13:34:08 +0000 2018,-0.30,0.07,0.12,0.81
BBC News (World),"Zdravko Mamic, Croatian football's Mr Big, given jail term https://t.co/AcEIAheY5V",Wed Jun 06 13:23:58 +0000 2018,0.00,0.00,0.00,1.00
BBC News (World),RT @BBCNewsGraphics: Women around the world are sidestepping legal barriers to abortion by buying pills online. https://t.co/umDxK1m8gQ htt‚Ä¶,Wed Jun 06 13:11:20 +0000 2018,0.13,0.08,0.00,0.92
BBC News (World),Stanford rape case judge Aaron Persky removed from office https://t.co/xz8U6X9Fqj,Wed Jun 06 12:23:35 +0000 2018,-0.69,0.00,0.34,0.66
BBC News (World),Astronaut Pedro Duque named Spain's science minister https://t.co/mloOidh8F6,Wed Jun 06 12:23:33 +0000 2018,0.00,0.00,0.00,1.00
BBC News (World),Kim Kardashian West 'cried' over Kanye slavery comments https://t.co/9D3m12dhCU,Wed Jun 06 11:40:55 +0000 2018,-0.70,0.00,0.38,0.62
BBC News (World),Job application tool PageUp suspects data breach https://t.co/qaO0YtUT1E,Wed Jun 06 11:19:31 +0000 2018,-0.34,0.00,0.26,0.74
BBC News (World),Emirates airline is testing virtual windows instead of real ones which could pave the way for lighter and faster pl‚Ä¶ https://t.co/Kbpo6Wb9fU,Wed Jun 06 10:53:51 +0000 2018,0.00,0.00,0.00,1.00
BBC News (World),Chinese city gets 'smartphone zombie' walkway https://t.co/0Hx7Uu6nhe,Wed Jun 06 10:48:57 +0000 2018,0.00,0.00,0.00,1.00
BBC News (World),The Twitter crime mystery that gripped Spain https://t.co/RdYguOvh9O,Wed Jun 06 10:10:45 +0000 2018,-0.54,0.00,0.33,0.67
BBC News (World),Virginia police chase stolen armoured vehicle https://t.co/vgGw8LfxR4,Wed Jun 06 09:37:58 +0000 2018,-0.49,0.00,0.35,0.65
BBC News (World),Emotional 'welcome home' for Magdalene survivors in Dublin https://t.co/QviqzdmJJB,Wed Jun 06 09:28:41 +0000 2018,0.56,0.40,0.00,0.60
BBC News (World),Qatar Airways boss in 'heartfelt apology' for sexist remark https://t.co/CiXCf7HoBv,Wed Jun 06 09:26:15 +0000 2018,0.57,0.37,0.00,0.63
BBC News (World),US police arrest soldier after stolen armoured vehicle chase https://t.co/7b1ACFmIIZ,Wed Jun 06 09:14:26 +0000 2018,-0.68,0.00,0.41,0.59
BBC News (World),India's disabled dancers rocking the bhangra https://t.co/eXsunXbCfY,Wed Jun 06 07:54:34 +0000 2018,0.00,0.00,0.00,1.00
BBC News (World),Star Wars actress Kelly Marie Tran deletes Instagram posts after abuse https://t.co/ML9MtaaKmb,Wed Jun 06 07:51:51 +0000 2018,-0.83,0.00,0.44,0.56
BBC News (World),India zoo animals beat the heat with fruit ice lollies https://t.co/t4ARbhOtUB,Wed Jun 06 07:51:51 +0000 2018,0.00,0.00,0.00,1.00
BBC News (World),Might Dennis Rodman at the Trump-Kim summit just work? https://t.co/etNtWIzE9n,Wed Jun 06 07:49:23 +0000 2018,0.00,0.00,0.00,1.00
BBC News (World),RT @SallyBundockBBC: Should @elonmusk be both CEO and Chairman - is that too much control or necessary for a pioneering company such as #Te‚Ä¶,Wed Jun 06 07:20:42 +0000 2018,0.00,0.00,0.00,1.00
BBC News (World),"RT @BBCSteveR: Recent TV interviews with Putin. 

Austrian TV asked about:
Troll factories
MH17 ('Why should we believe you?')
Turning Russ‚Ä¶",Wed Jun 06 06:42:12 +0000 2018,0.00,0.00,0.00,1.00
BBC News (World),Facebook confirms data-sharing agreements with Chinese firms https://t.co/BSKv1H67WW,Wed Jun 06 05:39:23 +0000 2018,0.27,0.23,0.00,0.77
BBC News (World),Firemen save chickens from volcano eruption https://t.co/fW4LcsotX6,Wed Jun 06 05:06:38 +0000 2018,0.49,0.35,0.00,0.65
BBC News (World),Kate Spade: Tributes pour in for 'great talent' after apparent suicide https://t.co/fHxT6RbJcp,Wed Jun 06 03:27:49 +0000 2018,0.34,0.34,0.22,0.44
BBC News (World),Elizabeth Wettlaufer: Canadian nurse's confession released https://t.co/eZS85X8dGw,Wed Jun 06 03:01:34 +0000 2018,0.00,0.00,0.00,1.00
BBC News (World),Tariffs and Trump: Why the G7 summit in Canada could be awkward https://t.co/Z5Zm9Mw0zh,Wed Jun 06 02:37:41 +0000 2018,-0.15,0.00,0.12,0.88
BBC News (World),World Cup 2018: Welcome with a warning for England fans in Volgograd https://t.co/AhrNrGODff,Wed Jun 06 02:35:24 +0000 2018,0.15,0.20,0.16,0.65
BBC News (World),Cultural coding classes for migrants in Norway https://t.co/onEjhOF0wY,Wed Jun 06 02:28:46 +0000 2018,0.00,0.00,0.00,1.00
BBC News (World),James Sutherland: Cricket Australia chief executive quits https://t.co/Z7IxQBS61w,Wed Jun 06 02:14:34 +0000 2018,0.00,0.00,0.00,1.00
BBC News (World),Trump-Kim summit to be held on Singapore's Sentosa island https://t.co/9wISgHNFVg,Wed Jun 06 02:04:36 +0000 2018,0.00,0.00,0.00,1.00
BBC News (World),Pomegranate contamination kills woman in Australia https://t.co/9gaSBSB7DD,Wed Jun 06 01:28:47 +0000 2018,-0.54,0.00,0.37,0.63
BBC News (World),The punk who came back from the dead https://t.co/2gCXzh98fF,Wed Jun 06 01:02:32 +0000 2018,-0.65,0.00,0.35,0.65
BBC News (World),Argentina 'cancels Israel World Cup friendly' after Gaza violence https://t.co/KMsNcPRLcE,Wed Jun 06 00:29:32 +0000 2018,-0.42,0.20,0.37,0.43
BBC News (World),Kim Jong-un: The new kid on the diplomatic block https://t.co/kZ3UUEOE8j,Wed Jun 06 00:24:47 +0000 2018,-0.44,0.00,0.24,0.76
BBC News (World),Kuwait ‚Äòblackface‚Äô comedy show causes outcry https://t.co/tX3jluHeMQ,Wed Jun 06 00:18:30 +0000 2018,-0.20,0.23,0.31,0.46
BBC News (World),Kelly Sadler: Aide who mocked McCain exits White House https://t.co/q8BFv2KM3c,Tue Jun 05 23:56:39 +0000 2018,-0.32,0.00,0.20,0.80
BBC News (World),Take a look inside the world's largest legal cannabis farm https://t.co/RSes7vV1pa,Tue Jun 05 23:56:37 +0000 2018,0.13,0.14,0.00,0.86
BBC News (World),Rebuilding after 9/11 https://t.co/TpIUGWmF8d,Tue Jun 05 23:46:58 +0000 2018,0.00,0.00,0.00,1.00
BBC News (World),Inside the secret world of Brazil's WhatsApp abortions https://t.co/USIzzxIVGJ,Tue Jun 05 23:42:25 +0000 2018,0.00,0.00,0.00,1.00
BBC News (World),Cross-Channel migrants gain access to UK using Ireland https://t.co/GCMf94YhJH,Tue Jun 05 23:17:06 +0000 2018,0.53,0.30,0.00,0.70
BBC News (World),Why Kate Spade's legacy will live on https://t.co/EpADdBNupY,Tue Jun 05 23:07:46 +0000 2018,0.00,0.00,0.00,1.00
BBC News (World),Trump tariffs: Mexico retaliates against US products https://t.co/l2Sr05w71t,Tue Jun 05 23:05:18 +0000 2018,0.00,0.00,0.00,1.00
BBC News (World),New explosion at Guatemalan volcano https://t.co/loQAEO8ULf,Tue Jun 05 21:54:37 +0000 2018,0.00,0.00,0.00,1.00
BBC News (World),RT @BBCBreaking: Evacuations are ordered after a fresh blast at Guatemala's Fuego volcano sends material down the south side https://t.co/6‚Ä¶,Tue Jun 05 21:51:15 +0000 2018,0.32,0.11,0.00,0.89
BBC News (World),French town near Paris votes to have school uniforms https://t.co/NdztCaPSXd,Tue Jun 05 21:44:57 +0000 2018,0.00,0.00,0.00,1.00
BBC News (World),"RT @awzurcher: Donald Trump has the Republican rank and file behind him - and that dictates how he handles policy, Robert Mueller and the m‚Ä¶",Tue Jun 05 21:22:09 +0000 2018,0.00,0.00,0.00,1.00
BBC News (World),France builds first Alzheimer's 'village' in pioneering experiment https://t.co/kXcivV4gRV,Tue Jun 05 20:51:27 +0000 2018,0.00,0.00,0.00,1.00
BBC News (World),The rise of fashion designer Kate Spade reads like a classic American tale of a self-made businesswoman https://t.co/Kh30g7MinE,Tue Jun 05 20:19:13 +0000 2018,0.36,0.14,0.00,0.86
BBC News (World),Kate Spade: High school handbags and the New York City dream https://t.co/jIS4hPfekZ,Tue Jun 05 19:28:07 +0000 2018,0.25,0.15,0.00,0.85
BBC News (World),"Finally a prime minister who cleans up his own mess üëè

https://t.co/cHGVw4ypcd https://t.co/ah9ui1gra5",Tue Jun 05 19:17:54 +0000 2018,-0.36,0.00,0.20,0.80
BBC News (World),Jordan's King Abdullah calls for tax review after largest protests in years https://t.co/48HoihSEu3,Tue Jun 05 18:32:39 +0000 2018,-0.23,0.00,0.14,0.86
BBC News (World),Ethiopia 'accepts peace deal' to end Eritrea border war https://t.co/cnAzyywTHJ,Tue Jun 05 18:32:37 +0000 2018,0.23,0.35,0.23,0.42
BBC News (World),Parkland teenager David Hogg 'swatted' in prank call https://t.co/ZidQnFGY63,Tue Jun 05 18:30:19 +0000 2018,0.00,0.00,0.00,1.00
BBC News (World),"Tributes paid as fashion designer Kate Spade is found dead in her New York apartment
https://t.co/HLXmsvUF6s",Tue Jun 05 17:52:40 +0000 2018,-0.65,0.00,0.22,0.78
BBC News (World),RT @bbcworldservice: Do asylum seekers from the Middle East and Africa need classes to understand European 'cultural codes' around rape and‚Ä¶,Tue Jun 05 16:52:45 +0000 2018,-0.69,0.00,0.19,0.81
BBC News (World),Fashion designer Kate Spade found dead https://t.co/anKDpXuPoj,Tue Jun 05 16:20:35 +0000 2018,-0.65,0.00,0.42,0.58
BBC News (World),'Beauty iceberg' thrills Newfoundland and Labrador https://t.co/rDNnClfa9o,Tue Jun 05 16:05:15 +0000 2018,0.74,0.56,0.00,0.44
BBC News (World),RT @BBCAfrica: An earthquake is coming. #BBCAfricaEye is about to bring you the inside story about @anasglobal's explosive investigation in‚Ä¶,Tue Jun 05 15:01:51 +0000 2018,0.00,0.00,0.00,1.00
BBC News (World),Guatemala's Fuego volcano: How the tragedy unfolded https://t.co/EGvkLR8nfd,Tue Jun 05 14:44:17 +0000 2018,-0.66,0.00,0.39,0.61
BBC News (World),"Crocodile kills pastor conducting baptism ceremony near lake in southern Ethiopia

https://t.co/GcfmZGSvma https://t.co/VMIidPqr2g",Tue Jun 05 14:43:49 +0000 2018,-0.54,0.00,0.23,0.77
BBC News (World),"RT @BBCSport: Everyone's been loving Nigeria's kit üî•

Here are the rest of the home shirts each team will be wearing in Russia.

üëâ https://‚Ä¶",Tue Jun 05 14:20:43 +0000 2018,0.60,0.15,0.00,0.85
BBC News (World),Weinstein pleads not guilty to rape charge https://t.co/5AaHFpnem8,Tue Jun 05 14:14:11 +0000 2018,0.72,0.50,0.00,0.50
BBC News (World),Harvey Weinstein arrives at Manhattan Supreme Court where he's expected to plead not guilty to charges of rape and‚Ä¶ https://t.co/87t77LrLX3,Tue Jun 05 13:58:41 +0000 2018,0.26,0.27,0.17,0.56
BBC News (World),Ben Lecomte's bid to be the first to swim the Pacific Ocean https://t.co/JXkflWOYk2,Tue Jun 05 12:58:54 +0000 2018,0.00,0.00,0.00,1.00
BBC News (World),Crocodile kills Ethiopian pastor during lake baptism https://t.co/K6seIFU0KL,Tue Jun 05 12:42:41 +0000 2018,-0.54,0.00,0.33,0.67
BBC News (World),Police officer pulls king cobra from minivan in China https://t.co/fhKn3uNWt9,Tue Jun 05 12:37:53 +0000 2018,0.00,0.00,0.00,1.00
BBC News (World),Qatar boss: 'Only men can run airlines' https://t.co/RBmiywq59c,Tue Jun 05 12:30:57 +0000 2018,0.00,0.00,0.00,1.00
CBS News,"""Your own story doesn't go away"" because you're working in the White House, former President Obama's deputy nationa‚Ä¶ https://t.co/fQJj9kC0UB",Thu Jun 07 01:04:45 +0000 2018,0.00,0.00,0.00,1.00
CBS News,"Stormy Daniels suit claims ex-lawyer colluded with Michael Cohen, Pres. Trump and Fox News https://t.co/jgl0XuTmao https://t.co/6bJpRUl8sM",Thu Jun 07 00:44:54 +0000 2018,0.00,0.00,0.00,1.00
CBS News,"RT @CBSThisMorning: WATCH: @Oprah Winfrey is checking out her brand new #WatchingOprah exhibit for the first time, opening Friday at @NMAAH‚Ä¶",Thu Jun 07 00:41:14 +0000 2018,0.00,0.00,0.00,1.00
CBS News,"GOP Sen. Ernst says EPA chief Scott Pruitt ""did lie"" on ethanol pledge, is ""undercutting"" President Trump‚Ä¶ https://t.co/zjKrVhv1zN",Thu Jun 07 00:24:56 +0000 2018,0.00,0.00,0.00,1.00
CBS News,"Netflix announced on Wednesday that it is renewing hit teen drama ""13 Reasons Why"" for another season‚Ä¶ https://t.co/sfdZ1fNDqn",Thu Jun 07 00:04:33 +0000 2018,0.00,0.00,0.00,1.00
CBS News,"""When you're my age, there's gotta be some things you can get away with,"": Equity Group Investments founder uses cr‚Ä¶ https://t.co/xqSGHxLMJQ",Wed Jun 06 23:39:47 +0000 2018,0.00,0.00,0.00,1.00
CBS News,A Texas courtroom burst into chaos on Tuesday after defendant Daniel Moreno Lopez was found guilty of a gruesome mu‚Ä¶ https://t.co/Y1xDcN3nEo,Wed Jun 06 23:19:36 +0000 2018,-0.76,0.00,0.28,0.72
CBS News,This alligator is a fighter: Florida animal knocks Fish and Wildlife officer out cold as he tries to escape capture‚Ä¶ https://t.co/cXR9QwsgKK,Wed Jun 06 23:15:01 +0000 2018,0.32,0.15,0.00,0.84
CBS News,"Robert F. Kennedy died 50 years ago today, assassinated as he campaigned for president. 

@jdickerson takes us back‚Ä¶ https://t.co/so22oxexXm",Wed Jun 06 23:03:14 +0000 2018,-0.56,0.00,0.17,0.83
CBS News,Voters unseated Judge Aaron Persky for giving what many thought was a weak sentence in a disturbing sexual assault‚Ä¶ https://t.co/DwSH1wg7ip,Wed Jun 06 23:01:02 +0000 2018,-0.54,0.15,0.26,0.59
CBS News,"In the Phoenix suburb of Mesa, Arizona, four officers were put on paid administrative leave after surveillance vide‚Ä¶ https://t.co/mnEeUhNzNu",Wed Jun 06 22:57:17 +0000 2018,-0.05,0.00,0.06,0.94
CBS News,A contractor was arrested as he reported for work at the White House yesterday. He had been wanted for weeks for at‚Ä¶ https://t.co/9I6hSIHLZF,Wed Jun 06 22:54:17 +0000 2018,-0.48,0.00,0.13,0.87
CBS News,"Five days before the nuclear summit with North Korea, President Trump's lawyer Rudy Giuliani made a few waves with‚Ä¶ https://t.co/CMkmt8bY1C",Wed Jun 06 22:52:00 +0000 2018,0.00,0.00,0.00,1.00
CBS News,A barrage of hail stones hit Dallas overnight with frightening force. @DavidBegnaud has more. https://t.co/t19Rnxg0mg,Wed Jun 06 22:50:06 +0000 2018,-0.44,0.08,0.19,0.73
CBS News,U.S. Air Force flew several children injured in the Guatemalan volcano explosion to the U.S. for treatment of burns‚Ä¶ https://t.co/5rlbyuSmUy,Wed Jun 06 22:47:02 +0000 2018,-0.40,0.00,0.12,0.88
CBS News,"Pres. Trump granted clemency to Alice Johnson, a first-time nonviolent drug offender. She had a high-profile advoca‚Ä¶ https://t.co/nBIJnr2Eyo",Wed Jun 06 22:39:03 +0000 2018,-0.13,0.11,0.14,0.76
CBS News,"RT @CBSEveningNews: We‚Äôre on the air in the East. @JeffGlor is live from Studio 57 in NYC

Thanks for being with us #OriginalReporting #CBS‚Ä¶",Wed Jun 06 22:33:13 +0000 2018,0.44,0.11,0.00,0.89
CBS News,"""Solo: A Star Wars Story"" may chart a new path for the storied sci-fi franchise -- by losing money.‚Ä¶ https://t.co/DBr1rwYlML",Wed Jun 06 22:21:16 +0000 2018,-0.74,0.00,0.28,0.72
CBS News,"Jerry Maren, the last surviving member of the group of actors who portrayed the munchkins from ""The Wizard of Oz,""‚Ä¶ https://t.co/S03n5FI3Zo",Wed Jun 06 21:59:59 +0000 2018,0.30,0.10,0.00,0.90
CBS News,Severed rattlesnake head bites Texas man who decapitated it https://t.co/dfMHVKShlY https://t.co/Ai7qbJGRdC,Wed Jun 06 21:09:31 +0000 2018,-0.36,0.00,0.20,0.80
CBS News,"Zach Wahls, the Iowa activist who catapulted to internet fame with a viral same-sex moms speech on YouTube, won the‚Ä¶ https://t.co/ny36YAbgP9",Wed Jun 06 20:59:38 +0000 2018,0.77,0.27,0.00,0.73
CBS News,"A mother and her disabled son were ""kicked out"" of a @deadpoolmovie screening after moviegoers complained of ""too m‚Ä¶ https://t.co/Ja2GhaEFTn",Wed Jun 06 20:32:39 +0000 2018,-0.40,0.00,0.14,0.86
CBS News,"WATCH: When Florida Fish and Wildlife officials show up to catch a feisty alligator, it head butts one of them, kno‚Ä¶ https://t.co/sDsC9HQtBM",Wed Jun 06 20:00:08 +0000 2018,0.00,0.00,0.00,1.00
CBS News,"120-pound 5-year-old carried down mountain by rescue team after suffering dehydration. He was a big, fluffy dog nam‚Ä¶ https://t.co/K91lFv5Jbx",Wed Jun 06 19:44:36 +0000 2018,0.05,0.15,0.14,0.71
CBS News,Democrats easily flip Missouri state senate seat Republicans have held for more than a decade‚Ä¶ https://t.co/TVDNuRXcVL,Wed Jun 06 19:30:01 +0000 2018,0.34,0.15,0.00,0.85
CBS News,"Severe storms, including baseball-sized hail, left a trail of destruction in Texas overnight https://t.co/DerFBFrxsv https://t.co/VzEZbpkUwS",Wed Jun 06 19:09:56 +0000 2018,-0.72,0.07,0.34,0.59
CBS News,"Woman catches foul ball in beer cup at Padres game, proceeds to chug the beer with the ball in it‚Ä¶ https://t.co/33ArVMffm8",Wed Jun 06 19:02:37 +0000 2018,0.00,0.00,0.00,1.00
CBS News,"Federal judge rules Trump administration cannot cut off grants to Philadelphia over ""sanctuary city"" fight:‚Ä¶ https://t.co/1zzWAiV4oE",Wed Jun 06 18:55:40 +0000 2018,0.04,0.10,0.10,0.80
CBS News,Crocodile kills pastor performing baptism on lake https://t.co/62AFAIyOqp https://t.co/LmPK8AcGrU,Wed Jun 06 18:39:36 +0000 2018,-0.54,0.00,0.30,0.70
CBS News,"House Speaker Paul Ryan breaks with President Trump on ""spygate"" claim: https://t.co/HI0d9JKwQX https://t.co/yvmt6kwWvO",Wed Jun 06 18:25:38 +0000 2018,0.00,0.00,0.00,1.00
CBS News,"‚ÄúWe‚Äôve had three¬†devastating major hurricanes¬†that hit our country within a¬†month's time,‚Äù President Trump says. ‚ÄúA‚Ä¶ https://t.co/3Orv6qh3oN",Wed Jun 06 18:22:26 +0000 2018,-0.65,0.00,0.20,0.80
CBS News,WATCH LIVE: President Trump receives 2018 hurricane season briefing at FEMA headquarters https://t.co/HaKdP42Znv https://t.co/02GFuEyHMZ,Wed Jun 06 18:12:31 +0000 2018,0.00,0.00,0.00,1.00
CBS News,Colonel Sanders may be rolling over in his grave: KFC is devising a fake meat version with the colonel's tightly he‚Ä¶ https://t.co/PDB0olpUmw,Wed Jun 06 18:09:48 +0000 2018,-0.69,0.00,0.23,0.77
CBS News,"A man took a knee during the national anthem at the White House's ""Celebration of America"" event on Tuesday:‚Ä¶ https://t.co/758QPRqG0z",Wed Jun 06 17:49:57 +0000 2018,0.00,0.00,0.00,1.00
CBS News,UPS workers have given their union the go-ahead to call a strike in what would be their first walkout in decades‚Ä¶ https://t.co/q7zQZ44q9L,Wed Jun 06 17:34:43 +0000 2018,-0.42,0.00,0.17,0.83
CBS News,"""We're talking everything through. There may be disagreements. I regard this as much like a family quarrel. I'm alw‚Ä¶ https://t.co/9D1GOSG7mG",Wed Jun 06 17:21:41 +0000 2018,-0.08,0.12,0.13,0.75
CBS News,"Bobby Kennedy died 50 years ago today, after an assassination that shocked the nation. https://t.co/nLmV77t3CN‚Ä¶ https://t.co/t1xwEoEBzA",Wed Jun 06 17:20:27 +0000 2018,-0.87,0.00,0.43,0.57
CBS News,"""This is not the Chinese government buying a bunch of natural gas and soybeans from America. This is about reducing‚Ä¶ https://t.co/TqmCOTNt5t",Wed Jun 06 17:19:50 +0000 2018,0.36,0.12,0.00,0.88
CBS News,WATCH LIVE: Director of the National Economic Council Larry Kudlow holds a press briefing on the G7 conference‚Ä¶ https://t.co/FBjjHP3ZIV,Wed Jun 06 17:15:10 +0000 2018,0.00,0.00,0.00,1.00
CBS News,President Trump commutes the life sentence of Alice Marie Johnson after her case was championed by Kim Kardashian W‚Ä¶ https://t.co/MzOV8qTJYo,Wed Jun 06 17:03:14 +0000 2018,0.36,0.16,0.00,0.84
CBS News,About 100 firefighters battle blaze at a luxury hotel in London; video footage shows smoke billowing from the roof‚Ä¶ https://t.co/q40GrOBdwd,Wed Jun 06 16:54:54 +0000 2018,-0.38,0.00,0.13,0.87
CBS News,"Too close for comfort: A woman captured video of a black fin shark swimming just off the coast of Myrtle Beach, pro‚Ä¶ https://t.co/74L7mE1bRJ",Wed Jun 06 16:40:05 +0000 2018,0.36,0.11,0.00,0.89
CBS News,"WATCH: President Trump is signing the VA Mission Act, which will facilitate military veterans' access to private-se‚Ä¶ https://t.co/WE1QY2NYPY",Wed Jun 06 16:33:09 +0000 2018,0.00,0.00,0.00,1.00
CBS News,GOP Senate report says Obama officials gave Iran access to U.S. financial system https://t.co/uQ2uI2IlUk https://t.co/SqOXiKuj6O,Wed Jun 06 16:20:32 +0000 2018,0.00,0.00,0.00,1.00
CBS News,"Former New York City Mayor Rudy Giuliani says North Korean leader Kim Jong Un got ""on his hands and knees and begge‚Ä¶ https://t.co/Edm9hrv3qY",Wed Jun 06 16:06:44 +0000 2018,0.00,0.00,0.00,1.00
CBS News,"Severe storms, including hail the size of baseballs, left a trail of damage in Texas overnight: ""It actually sounde‚Ä¶ https://t.co/F0S5mRDS4d",Wed Jun 06 15:39:44 +0000 2018,-0.67,0.06,0.25,0.69
CBS News,Cambridge Analytica chief Alexander Nix accused of taking $8M from company ahead of its recent collapse‚Ä¶ https://t.co/uQt5Ko8H2o,Wed Jun 06 15:24:49 +0000 2018,-0.30,0.00,0.12,0.88
CBS News,President Trump and North Korean leader Kim Jong Un will use a luxury resort for their nuclear summit in Singapore‚Ä¶ https://t.co/qVBuCeM27l,Wed Jun 06 15:09:40 +0000 2018,0.00,0.00,0.00,1.00
CBS News,"Fire fighters brought out the vacuum for this rescue. But they weren't cleaning, they were sucking ducks out of a h‚Ä¶ https://t.co/6bxqjrUKrw",Wed Jun 06 14:55:13 +0000 2018,0.31,0.15,0.14,0.71
CBS News,"‚ÄúWhy was it canceled?¬†Probably because we didn't go.¬†I mean, we could have, but ‚Ä¶ we wanted to¬†get work in and got‚Ä¶ https://t.co/WUcboR3VMp",Wed Jun 06 14:43:36 +0000 2018,0.00,0.00,0.00,1.00
CBS News,"""I'm not discussing it. It's over. What you have seen and what you heard is enough,"" Philadelphia Eagles coach Doug‚Ä¶ https://t.co/DynG4hFy9y",Wed Jun 06 14:39:48 +0000 2018,0.00,0.00,0.00,1.00
CBS News,MOMENTS AGO: Philadelphia Eagles' coach Doug Pederson is talking to the press for the first time since the team was‚Ä¶ https://t.co/Py0j25blzT,Wed Jun 06 14:37:52 +0000 2018,0.00,0.00,0.00,1.00
CBS News,California voters recall judge who sentenced Brock Turner to short jail sentence for sexually assaulting a young wo‚Ä¶ https://t.co/ytfSdZ1Tde,Wed Jun 06 14:20:56 +0000 2018,-0.48,0.06,0.21,0.72
CBS News,Rep. Steve Scalise makes return to congressional baseball practice one year after he was shot‚Ä¶ https://t.co/vYhUPbf0AA,Wed Jun 06 14:00:02 +0000 2018,0.00,0.00,0.00,1.00
CBS News,"At dawn, 74 years ago today, American troops landed on the beaches of Normandy for #DDay https://t.co/kZkMDX4NYy https://t.co/7keHgWnR3a",Wed Jun 06 13:45:13 +0000 2018,0.00,0.00,0.00,1.00
CBS News,"GOP Senate report says Obama officials gave Iran access to U.S. financial system
https://t.co/wtrSoueTqq https://t.co/pCN0FMX1Al",Wed Jun 06 13:29:36 +0000 2018,0.00,0.00,0.00,1.00
CBS News,"Is the Earth angry? Two volcanoes had massive eruptions in the past few weeks, causing wide spread devastation in H‚Ä¶ https://t.co/S0kZlRbiCp",Wed Jun 06 13:16:19 +0000 2018,-0.73,0.00,0.24,0.76
CBS News,WATCH: Police successfully rescued a baby girl from a volcanic ash-covered home near Guatemala's Volcan de Fuego‚Ä¶ https://t.co/P5r7UxhLRb,Wed Jun 06 13:00:27 +0000 2018,0.72,0.30,0.00,0.70
CBS News,Single mom who went into labor during final exam graduates from Harvard Law School https://t.co/YsBOky9QEv https://t.co/u4fWmxIejp,Wed Jun 06 12:39:45 +0000 2018,0.00,0.00,0.00,1.00
CBS News,"Sen. Robert Kennedy was assassinated 50 years ago, just moments after he won the California presidential primary. A‚Ä¶ https://t.co/lfHSEK4CJX",Wed Jun 06 12:36:34 +0000 2018,0.57,0.17,0.00,0.83
CBS News,"Woman punched by New Jersey officer on the beach: ""I'm not a criminal""
https://t.co/Gn29V1Hqv1 https://t.co/LjFlUq3lEN",Wed Jun 06 12:27:44 +0000 2018,0.42,0.18,0.00,0.82
CBS News,"Starbucks recently revealed its plans to build nearly 3,000 new stores in mainland China over the next five years,‚Ä¶ https://t.co/7REh52vs8g",Wed Jun 06 12:21:48 +0000 2018,0.00,0.00,0.00,1.00
CBS News,Headspace is a popular meditation app that aims to bring mindfulness to the masses. The app provides guided meditat‚Ä¶ https://t.co/qU04mCTKbl,Wed Jun 06 12:15:31 +0000 2018,0.42,0.14,0.00,0.86
CBS News,Facebook is under new scrutiny after acknowledging data-sharing partnerships with at least 4 Chinese electronic com‚Ä¶ https://t.co/sdK4gW2zbR,Wed Jun 06 12:09:34 +0000 2018,0.00,0.00,0.00,1.00
CBS News,"Today, First lady Melania Trump is expected to make her first appearance in 27 days in front of cameras. She will j‚Ä¶ https://t.co/yxNTo4gnn7",Wed Jun 06 12:08:02 +0000 2018,0.00,0.00,0.00,1.00
CBS News,President Trump and North Korean leader Kim Jong Un will use a luxury resort in Singapore for their summit next wee‚Ä¶ https://t.co/CRKhIWrnAK,Wed Jun 06 12:06:20 +0000 2018,0.00,0.00,0.00,1.00
CBS News,Key Senate Republicans are pushing longshot legislation that would require Congress to sign off on President Trump'‚Ä¶ https://t.co/FLrpCVUPgt,Wed Jun 06 12:00:22 +0000 2018,0.00,0.00,0.00,1.00
CBS News,Here are some of this morning‚Äôs headlines on @CBSThisMorning https://t.co/J93l20OHFg,Wed Jun 06 11:54:17 +0000 2018,0.00,0.00,0.00,1.00
CBS News,A New Jersey police officer will not face charges for punching a woman in the head during a controversial arrest ca‚Ä¶ https://t.co/BdjgBWaYPv,Wed Jun 06 11:47:59 +0000 2018,-0.34,0.08,0.19,0.73
CBS News,Former President Bill Clinton is responding to backlash for saying he did not believe he owed Monica Lewinsky a fac‚Ä¶ https://t.co/3WfLWL5fxf,Wed Jun 06 11:40:30 +0000 2018,0.00,0.00,0.00,1.00
CBS News,The sister of celebrated fashion designer Kate Spade tells @CBSThisMorning she may have taken her own life because‚Ä¶ https://t.co/dTWj8f98nU,Wed Jun 06 11:39:31 +0000 2018,0.57,0.17,0.00,0.83
CBS News,"Northern California voters have recalled a judge from office over a controversial sentencing decision, Judge Aaron‚Ä¶ https://t.co/ZhLRa0PmHE",Wed Jun 06 11:34:31 +0000 2018,-0.34,0.00,0.21,0.79
CBS News,"Here are three things you should know this morning:
1‚É£Openings outnumber jobless
2‚É£Smart toy security flaws
3‚É£New l‚Ä¶ https://t.co/ID18Pe4Ss4",Wed Jun 06 11:33:47 +0000 2018,0.34,0.12,0.00,0.88
CBS News,The Kilauea Volcano in Hawaii destroyed hundreds more homes in two oceanfront communities. @LonnieQuinnTV has more‚Ä¶ https://t.co/e4cTELTirO,Wed Jun 06 11:20:48 +0000 2018,-0.49,0.00,0.17,0.83
CBS News,Lucas Warren was named the newest poster baby for Gerber baby food earlier this year; now he's in the spotlight aga‚Ä¶ https://t.co/k05jk4bEQX,Wed Jun 06 11:20:19 +0000 2018,0.00,0.00,0.00,1.00
CBS News,RT @CBSThisMorning: Many of the online tributes to Kate Spade have raised awareness for mental health. If you or someone you know needs hel‚Ä¶,Wed Jun 06 11:17:16 +0000 2018,0.00,0.00,0.00,1.00
CBS News,Guatemala's disaster agency ordered new evacuations over a sudden increase in volcanic activity after Sunday's dead‚Ä¶ https://t.co/SezrgpdGNf,Wed Jun 06 11:16:56 +0000 2018,-0.42,0.11,0.20,0.69
CBS News,They're still counting votes following a series of primary elections that could determine who controls Congress nex‚Ä¶ https://t.co/1K9oxvmXzf,Wed Jun 06 11:13:52 +0000 2018,0.00,0.00,0.00,1.00
CBS News,"The federal commission on school safety will hold its first public forum in Washington. Its chairman, Education Sec‚Ä¶ https://t.co/GxIi0WXr7R",Wed Jun 06 11:10:43 +0000 2018,0.42,0.14,0.00,0.86
CBS News,"Martese Edwards, a government contractor, was arrested for attempted murder when he showed up for work at the White‚Ä¶ https://t.co/8RSUTXSxR2",Wed Jun 06 11:10:29 +0000 2018,-0.83,0.00,0.32,0.69
CBS News,Kate Spade's sister says the fashion designer may have taken her own life because of a struggle with mental illness‚Ä¶ https://t.co/G7M7jPqjGM,Wed Jun 06 11:06:31 +0000 2018,-0.32,0.00,0.11,0.89
CBS News,"Philippine President Rodrigo Duterte is defending an onstage kiss during a trip to South Korea: ""We enjoyed it""‚Ä¶ https://t.co/JgY7xDULI8",Wed Jun 06 11:00:01 +0000 2018,0.73,0.28,0.00,0.72
CBS News,"RT @CBSThisMorning: WATCH: Here's a preview of what to expect on @CBSThisMorning, next at 7 a.m. https://t.co/szjAxmJURB",Wed Jun 06 10:54:02 +0000 2018,0.00,0.00,0.00,1.00
CBS News,COMING UP: The woman punched by police on a New Jersey beach gives her first TV interview to @CBSThisMorning and re‚Ä¶ https://t.co/OHQqhw4xJQ,Wed Jun 06 10:44:53 +0000 2018,0.00,0.00,0.00,1.00
CBS News,The co-founder of the popular meditation app @Headspace is in Studio 57 with his effort to bring mindfulness to the‚Ä¶ https://t.co/ZY3TPUPhEJ,Wed Jun 06 10:41:34 +0000 2018,0.42,0.12,0.00,0.88
CBS News,Frightened people living near Guatemala's Volcano of Fire fled with their children and few possessions when fresh f‚Ä¶ https://t.co/iAiyE01qN4,Wed Jun 06 10:39:52 +0000 2018,-0.46,0.10,0.23,0.68
CBS News,"RT @CBSThisMorning: THIS MORNING: 
üîú@edokeefe discusses primary results
üîú@Headspace Co-founder and Chief Science Officer join us in Studio‚Ä¶",Wed Jun 06 10:28:04 +0000 2018,0.30,0.12,0.00,0.89
CBS News,"North Korea expert has a message for President Trump: ""Please listen to your advisers"" https://t.co/eqtQCoF5rH https://t.co/hKUvzNQ04q",Wed Jun 06 10:19:56 +0000 2018,0.32,0.14,0.00,0.86
CBS News,Stars mourn Kate Spade's death on social media https://t.co/a75XNqStO9 https://t.co/H5b0LvFRkl,Wed Jun 06 10:03:04 +0000 2018,-0.77,0.00,0.46,0.54
CBS News,"Indiana middle school shooting suspect not being charged as adult, prosecutors say https://t.co/3lxTJIjSMt https://t.co/FKIHTi50xy",Wed Jun 06 09:48:03 +0000 2018,-0.16,0.10,0.14,0.76
CBS News,"Elk attacks another woman at Yellowstone National Park, authorities say https://t.co/yBvTZLQinr https://t.co/cs3lq7l1kM",Wed Jun 06 09:33:04 +0000 2018,-0.44,0.00,0.21,0.79
CBS News,"Scott Pruitt had aide ask about Chick-fil-A ""business opportunity"" https://t.co/Edf6yKUCWY https://t.co/F7DqsWBnVr",Wed Jun 06 09:18:04 +0000 2018,0.42,0.22,0.00,0.78
CBS News,"Philadelphia mayor calls Trump a ""tyrant"" after White House snubs Eagles https://t.co/D8h7AMazc7 https://t.co/hv6wOJhFqh",Wed Jun 06 09:03:04 +0000 2018,-0.48,0.00,0.22,0.78
CBS News,Social Security says system's costs will exceed income this year https://t.co/GeEEMRzkj0 https://t.co/t3VnoOHYyS,Wed Jun 06 08:48:04 +0000 2018,0.34,0.18,0.00,0.82
CBS News,FBI agent whose gun accidentally went off in nightclub identified https://t.co/mdjjT4mlZl https://t.co/J3yPtuSDQx,Wed Jun 06 08:33:04 +0000 2018,-0.59,0.00,0.32,0.68
CBS News,Secret Service arrests White House contractor with outstanding attempted murder warrant https://t.co/gtA0FC9Ya4 https://t.co/mWFKUj8JFe,Wed Jun 06 08:18:03 +0000 2018,-0.56,0.18,0.35,0.46
CBS News,Suspect shot by police after infant found dead in hotel freezer https://t.co/zcutRJzF5u https://t.co/aLFmWyJJXp,Wed Jun 06 08:03:03 +0000 2018,-0.76,0.00,0.37,0.63
CBS News,Deer caught on video tackling man on the highway in close call https://t.co/7XcCVIWaah https://t.co/CR5L8iWA5x,Wed Jun 06 07:48:03 +0000 2018,0.00,0.00,0.00,1.00
CBS News,"New Horizons Pluto probe wakes up, on course for New Year's Day flyby https://t.co/z8ueRIRl2s https://t.co/TUSaW4osoN",Wed Jun 06 07:33:03 +0000 2018,0.00,0.00,0.00,1.00
CBS News,"Kelly Sadler, White House aide who insulted John McCain, is out https://t.co/bK5a7BqFbJ https://t.co/YiZ1zIWtCE",Wed Jun 06 07:18:03 +0000 2018,-0.51,0.00,0.22,0.78
CNN,"""You aren't listening"": Philadelphia Eagles star Malcom Jenkins wanted to be heard, so he shared his message by put‚Ä¶ https://t.co/3I7iqR9Nem",Thu Jun 07 00:55:20 +0000 2018,0.40,0.12,0.00,0.88
CNN,Alice Marie Johnson has been released from prison. President Trump commuted her sentence today after meeting with K‚Ä¶ https://t.co/bdPpqx3IS0,Thu Jun 07 00:50:52 +0000 2018,-0.46,0.06,0.15,0.79
CNN,"RT @AC360: ‚ÄúMr. Giuliani is an absolute pig for making those comments.‚Äù

Stormy Daniels‚Äô attorney Michael Avenatti says Rudy Giuliani's der‚Ä¶",Thu Jun 07 00:48:09 +0000 2018,0.00,0.00,0.00,1.00
CNN,Here are some key events in the talks between the Trump and Mueller teams https://t.co/FvnNPCv1Wd https://t.co/EqNaJTu7j4,Thu Jun 07 00:43:32 +0000 2018,0.00,0.00,0.00,1.00
CNN,Tesla's stock price soared as investors were encouraged by CEO Elon Musk's pledge that Model 3 production has turne‚Ä¶ https://t.co/woKx2yOrOJ,Thu Jun 07 00:41:46 +0000 2018,0.36,0.12,0.00,0.88
CNN,"RT @AC360: ""I want to say to President Trump: I am going to make you proud that you gave me this second chance in life.""

Alice Marie Johns‚Ä¶",Thu Jun 07 00:37:53 +0000 2018,0.66,0.21,0.00,0.79
CNN,‚ÄúMy daughter continues to always tell me I remind her of a phoenix‚Ä¶ I guess in order to be a phoenix I had to rise‚Ä¶ https://t.co/aLk4zOV2sW,Thu Jun 07 00:36:30 +0000 2018,0.00,0.00,0.00,1.00
CNN,"Facebook says it has a deal to share user data with Huawei, a Chinese smartphone maker that US intelligence agencie‚Ä¶ https://t.co/YczpPvzaDo",Thu Jun 07 00:32:29 +0000 2018,0.65,0.24,0.00,0.76
CNN,RT @AC360: ‚ÄúMy daughter continues to always tell me I remind her of a phoenix‚Ä¶ I guess in order to be a phoenix I had to rise above the ash‚Ä¶,Thu Jun 07 00:30:57 +0000 2018,0.00,0.00,0.00,1.00
CNN,What do giant doughnuts and a hot dog as big as a firetruck have in common? They are some of the peculiar buildings‚Ä¶ https://t.co/w3PuI5PK5s,Thu Jun 07 00:20:41 +0000 2018,0.15,0.07,0.00,0.93
CNN,"Alice Marie Johnson to President Trump: ""I am going to make you proud that you gave me this second chance in life a‚Ä¶ https://t.co/azeC8qVnRd",Thu Jun 07 00:16:17 +0000 2018,0.62,0.19,0.00,0.81
CNN,"Alice Marie Johnson on leaving prison after Trump commuted her sentence: ""I have not been in a car without handcuff‚Ä¶ https://t.co/WjZ4McT3qv",Thu Jun 07 00:10:23 +0000 2018,-0.46,0.06,0.15,0.80
CNN,Polling in the last year has been split half and half on support for players in the NFL kneeling during the Nationa‚Ä¶ https://t.co/YszquEzeSf,Thu Jun 07 00:09:34 +0000 2018,0.40,0.11,0.00,0.89
CNN,"""It was a complete shock. And it clearly wasn't her. There were personal demons she was battling."" The husband of f‚Ä¶ https://t.co/drurep0qtK",Wed Jun 06 23:57:36 +0000 2018,0.03,0.11,0.11,0.78
CNN,US officials have laid the groundwork for President Donald Trump and North Korean leader Kim Jong Un to hold a seco‚Ä¶ https://t.co/rb4cTaAb8V,Wed Jun 06 23:54:55 +0000 2018,0.00,0.00,0.00,1.00
CNN,"The police chief in Mesa, Arizona, says he was ""disappointed"" by a video that shows officers punching and kneeing a‚Ä¶ https://t.co/7GEC34NeNw",Wed Jun 06 23:53:37 +0000 2018,0.00,0.00,0.00,1.00
CNN,The maker of Jack Daniel's is worried about the impact of a trade war https://t.co/I7mLyVwwUU https://t.co/y3mxK9Ge0u,Wed Jun 06 23:48:01 +0000 2018,-0.73,0.00,0.32,0.68
CNN,"She was kidnapped by Salvadoran guerrillas three decades ago, watched her husband be killed, and forced to cook and‚Ä¶ https://t.co/3uUOoIEH7R",Wed Jun 06 23:42:07 +0000 2018,-0.82,0.00,0.29,0.71
CNN,"EPA Administrator Scott Pruitt on Chick-fil-A: ""We need more of them in Tulsa and we need more of them across the c‚Ä¶ https://t.co/7E7jP3lbc2",Wed Jun 06 23:36:05 +0000 2018,0.00,0.00,0.00,1.00
CNN,"The wife of Trump campaign aide George Papadopoulos, who pleaded guilty to lying about his Russian contacts, asks P‚Ä¶ https://t.co/XF0h8mEKs8",Wed Jun 06 23:31:09 +0000 2018,-0.74,0.00,0.26,0.74
CNN,IHOP says it's changing its name to IHOb https://t.co/OMvnRKOUhq https://t.co/4IgRjsHTZH,Wed Jun 06 23:26:03 +0000 2018,0.00,0.00,0.00,1.00
CNN,"An EPA spokesperson referred to a reporter as a ""piece of trash"" when the journalist phoned for comment on a story‚Ä¶ https://t.co/FRFCwsvwTZ",Wed Jun 06 23:21:05 +0000 2018,0.00,0.00,0.00,1.00
CNN,"A 64-year-old woman in Australia died after contracting hepatitis A linked to frozen pomegranate seeds, according t‚Ä¶ https://t.co/HAGs4p64yJ",Wed Jun 06 23:16:03 +0000 2018,-0.56,0.00,0.19,0.81
CNN,"Zach Wahls, an activist for LGBTQ rights who rose to prominence for a viral speech defending marriage equality and‚Ä¶ https://t.co/5Bf6UKiRT1",Wed Jun 06 23:11:06 +0000 2018,0.00,0.00,0.00,1.00
CNN,"Former NYC Mayor and current Trump lawyer Rudy Giuliani has received a dismal favorability rating, according to a Q‚Ä¶ https://t.co/DVNlaKVBXo",Wed Jun 06 23:06:07 +0000 2018,-0.61,0.00,0.19,0.81
CNN,Apple is getting closer and closer to becoming the first $1 trillion American company https://t.co/JRSmeYd5lT https://t.co/q1PvmCBoJn,Wed Jun 06 23:04:23 +0000 2018,0.00,0.00,0.00,1.00
CNN,Senate Republicans have accused the Obama administration of secretly trying to give Tehran access to the US financi‚Ä¶ https://t.co/hlBOZ6n70e,Wed Jun 06 22:57:55 +0000 2018,-0.30,0.00,0.11,0.89
CNN,"Dennis Rodman is ""considering going to Singapore"" for the upcoming Trump-Kim summit, his agent says. The former NBA‚Ä¶ https://t.co/d705nzmGhM",Wed Jun 06 22:50:53 +0000 2018,0.00,0.00,0.00,1.00
CNN,"Former NBA star Dennis Rodman is ""considering going to Singapore,"" for the upcoming summit between President Donald‚Ä¶ https://t.co/QC04uVfYN3",Wed Jun 06 22:47:33 +0000 2018,0.00,0.00,0.00,1.00
CNN,EPA Administrator Scott Pruitt appeared to confirm recent reports that he looked into the potential of his wife ope‚Ä¶ https://t.co/UyKGmTPeOM,Wed Jun 06 22:41:38 +0000 2018,0.00,0.00,0.00,1.00
CNN,"BREAKING: Alice Marie Johnson has just been released from prison after Trump commuted her sentence. ""I'm just so th‚Ä¶ https://t.co/umxk4rr455",Wed Jun 06 22:33:07 +0000 2018,-0.46,0.06,0.15,0.80
CNN,"Adult film actress Stormy Daniels has launched a new lawsuit against her former attorney, Keith Davidson, as well a‚Ä¶ https://t.co/s841T6wEBs",Wed Jun 06 22:21:24 +0000 2018,0.18,0.17,0.09,0.74
CNN,A British man who was credited with stopping a worldwide WannaCry ransomware attack last year faces new federal cha‚Ä¶ https://t.co/bxIxE1H2X5,Wed Jun 06 22:16:31 +0000 2018,-0.30,0.11,0.21,0.68
CNN,How the Democrats avoided disaster in California https://t.co/1Q3QSDPXzE https://t.co/Ujcjyf4EDJ,Wed Jun 06 22:09:15 +0000 2018,-0.76,0.00,0.48,0.52
CNN,"Electric cars could put 100,000 German jobs at risk https://t.co/DSsF1BPcvF https://t.co/MF9OlE8Hfx",Wed Jun 06 21:55:22 +0000 2018,-0.27,0.00,0.17,0.83
CNN,"A federal judge has once again rebuked the administration's efforts to pressure so-called sanctuary cities, going f‚Ä¶ https://t.co/KmSqtspmLJ",Wed Jun 06 21:41:28 +0000 2018,-0.30,0.00,0.12,0.88
CNN,"First responders in Russellville, Arkansas, went above and beyond the call of duty to surprise a teen with autism a‚Ä¶ https://t.co/ZD2Oc0jUPQ",Wed Jun 06 21:41:00 +0000 2018,0.27,0.10,0.00,0.90
CNN,.@ChrisCuomo on NFL anthem controversy: ‚ÄúUnconditional love for this country is expressed in our freedom and our re‚Ä¶ https://t.co/eDjorqfCP4,Wed Jun 06 21:40:51 +0000 2018,0.86,0.33,0.00,0.67
CNN,A dessert shop employee protected a gay couple from a group of people yelling slurs during Utah's Pride festival‚Ä¶ https://t.co/sP7PwrKzTT,Wed Jun 06 21:26:08 +0000 2018,0.65,0.26,0.00,0.74
CNN,Fashion designer Kate Spade's suicide spotlights the importance of recognizing the potential warning signs when som‚Ä¶ https://t.co/41yI7NzlwA,Wed Jun 06 21:18:27 +0000 2018,-0.66,0.11,0.29,0.60
CNN,US Immigration and Customs Enforcement officers arrested 114 undocumented immigrants working at an Ohio gardening b‚Ä¶ https://t.co/yaqBZp41jI,Wed Jun 06 21:11:09 +0000 2018,-0.48,0.00,0.16,0.84
CNN,"President Donald Trump visited FEMA, but remained mum on a new estimate of the death toll from Hurricane Maria and‚Ä¶ https://t.co/KlmNYSf3Rx",Wed Jun 06 21:05:50 +0000 2018,-0.75,0.00,0.22,0.78
CNN,A Milwaukee police officer stepped on NBA player Sterling Brown's ankle during his arrest and others mocked any pot‚Ä¶ https://t.co/XrPrJw85yS,Wed Jun 06 20:59:02 +0000 2018,-0.57,0.00,0.22,0.78
CNN,In retaliation for the Trump administration announcing tariffs on steel and aluminum imports from Mexico and much o‚Ä¶ https://t.co/LVdflRnYUc,Wed Jun 06 20:51:20 +0000 2018,0.00,0.00,0.00,1.00
CNN,The Justice Department reaffirmed that Deputy Attorney General Rod Rosenstein would step aside from overseeing the‚Ä¶ https://t.co/DgI3CKTkgF,Wed Jun 06 20:48:04 +0000 2018,0.53,0.17,0.00,0.82
CNN,"General Motors' president Dan Ammann is leaving Lyft's board.

The rideshare firm and GM, once partners, have becom‚Ä¶ https://t.co/tgeTp6CR8R",Wed Jun 06 20:45:31 +0000 2018,0.00,0.00,0.00,1.00
CNN,A US-North Korea friendship would be a perfect bulwark against China | By S. Nathan Park via @CNNOpinion‚Ä¶ https://t.co/LWERhpgXta,Wed Jun 06 20:42:47 +0000 2018,0.77,0.32,0.00,0.68
CNN,Tesla's stock price soared as investors were encouraged by CEO Elon Musk's pledge that Model 3 production has turne‚Ä¶ https://t.co/01KYLr4tXV,Wed Jun 06 20:40:12 +0000 2018,0.36,0.12,0.00,0.88
CNN,"European mental health institutions fall ""far below the standard,"" with no single institution meeting all of the st‚Ä¶ https://t.co/uXdhv1ekRx",Wed Jun 06 20:36:58 +0000 2018,-0.30,0.00,0.11,0.89
CNN,"RT @CNNOpinion: ""Disastrous colonial adventures overseas? Rest assured, we've been doing it for a lot longer than you have. Which is why I‚Ä¶",Wed Jun 06 20:34:27 +0000 2018,0.00,0.18,0.14,0.68
CNN,"Two of EPA Administrator Scott Pruitt's closest aides have resigned, an official confirms to CNN‚Ä¶ https://t.co/zep78TcGVf",Wed Jun 06 20:27:50 +0000 2018,-0.25,0.00,0.12,0.88
CNN,"American companies announced a record $201.3 billion in stock buybacks and cash takeovers in May.

Critics say the‚Ä¶ https://t.co/UemVO2UDdb",Wed Jun 06 20:25:05 +0000 2018,-0.30,0.00,0.12,0.89
CNN,"Ex-White House communications director Anthony Scaramucci says ""someone had it out"" for the White House communicati‚Ä¶ https://t.co/mvvRIpXIoN",Wed Jun 06 20:10:46 +0000 2018,0.00,0.00,0.00,1.00
CNN,"Wells Fargo isn't the only bank where heavy sales pressure led employees to open fake accounts, regulators say‚Ä¶ https://t.co/0Lq3VcX1Bv",Wed Jun 06 19:55:57 +0000 2018,-0.51,0.09,0.23,0.69
CNN,Plane tickets are about to get more expensive https://t.co/62RTwKp7Ld https://t.co/IZ1WGNryw6,Wed Jun 06 19:42:22 +0000 2018,0.00,0.00,0.00,1.00
CNN,"First responders in Russellville, Arkansas, went above and beyond the call of duty to surprise a teen with autism a‚Ä¶ https://t.co/AsHyMnBQy4",Wed Jun 06 19:31:43 +0000 2018,0.27,0.10,0.00,0.90
CNN,RT @CNNOpinion: Trump aide Michael Kratsios: The future of American aviation is all about drones https://t.co/SB2MGqhXgA,Wed Jun 06 19:27:43 +0000 2018,0.00,0.00,0.00,1.00
CNN,"Democratic Rep. Nydia Vel√°zquez is calling for ""an independent commission similar to what we had after 9/11"" to inv‚Ä¶ https://t.co/LXGm56LzOr",Wed Jun 06 19:24:12 +0000 2018,0.00,0.00,0.00,1.00
CNN,The clothes of a leading figure in Germany's far-right Alternative for Germany party were stolen while he was swimm‚Ä¶ https://t.co/Jmriq1CvIa,Wed Jun 06 19:20:06 +0000 2018,-0.13,0.12,0.14,0.74
CNN,"History according to Trump, War of 1812 edition | Analysis by CNN's Z. Byron Wolf https://t.co/z8fEjVSyrw https://t.co/sIahAp9lVE",Wed Jun 06 19:15:00 +0000 2018,-0.60,0.00,0.21,0.79
CNN,A middle school gave graduates a gift it hopes they never have to use -- bullet- and stab-resistant ballistic shiel‚Ä¶ https://t.co/6kaFkHyJVE,Wed Jun 06 19:09:15 +0000 2018,0.69,0.25,0.00,0.75
CNN,10 headlines that will make you wonder how Scott Pruitt still has a job | Analysis by @CillizzaCNN‚Ä¶ https://t.co/aTyZdLu7LK,Wed Jun 06 19:02:38 +0000 2018,0.00,0.00,0.00,1.00
CNN,Lava flow evaporated Hawaii's largest freshwater lake within hours https://t.co/WIDroYynU9 https://t.co/JwrD3kzCb0,Wed Jun 06 18:53:30 +0000 2018,0.00,0.00,0.00,1.00
CNN,A government watchdog has cleared Interior Secretary Ryan Zinke from improper political activity when he spoke to a‚Ä¶ https://t.co/QZ2cAMKmtM,Wed Jun 06 18:46:06 +0000 2018,0.10,0.08,0.00,0.92
CNN,"National Park Service acting director Paul Daniel Smith apologized to employees in an email for behaving ""in an ina‚Ä¶ https://t.co/sjPiLUeXvk",Wed Jun 06 18:44:15 +0000 2018,0.32,0.11,0.00,0.89
CNN,The Consumer Financial Protection Bureau has effectively dismissed all the members of an outside board that advises‚Ä¶ https://t.co/mwZibCPjFs,Wed Jun 06 18:33:04 +0000 2018,0.44,0.15,0.00,0.85
CNN,Why people aren't feeling the strength of the economy https://t.co/1Hfu2CyNnx https://t.co/X7MPPZ032t,Wed Jun 06 18:31:18 +0000 2018,-0.46,0.00,0.31,0.69
CNN,"RT @CNNnewsroom: ""The American people are not props,""says Ziad Ahmed, a student activist who is calling for Muslims to boycott Trump‚Äôs Ifta‚Ä¶",Wed Jun 06 18:30:20 +0000 2018,-0.32,0.00,0.10,0.90
CNN,The former head of USA Gymnastics exercised his Fifth Amendment right to avoid self-incrimination and declined to t‚Ä¶ https://t.co/1pOJJLjD4d,Wed Jun 06 18:18:24 +0000 2018,-0.30,0.00,0.11,0.89
CNN,"RT @CNNnewsroom: Whether or not a person is pardoned ""shouldn't be based on which celebrities have access to the President,"" says Rep. Ted‚Ä¶",Wed Jun 06 18:17:22 +0000 2018,-0.17,0.00,0.07,0.93
CNN,"How Apple, which is currently worth $945 billion and on track to become the first-ever trillion-dollar company, has‚Ä¶ https://t.co/n5sQ6hRTyh",Wed Jun 06 18:07:01 +0000 2018,0.23,0.10,0.00,0.91
CNN,"These unusual-looking concrete houses will be constructed using a 3D printer in Eindhoven, the Netherlands:‚Ä¶ https://t.co/6jXo8LlcMI",Wed Jun 06 18:00:00 +0000 2018,0.00,0.00,0.00,1.00
CNN,"""We thank our great Singaporean hosts for their hospitality."" Donald Trump and Kim Jong Un will meet at the Capella‚Ä¶ https://t.co/Ab0EaE5Cta",Wed Jun 06 17:55:30 +0000 2018,0.77,0.26,0.00,0.74
CNN,"From delivery to aviation, Dubai is at the forefront of drone experimentation. Here's a look at what the future hol‚Ä¶ https://t.co/q0S1qZFoHp",Wed Jun 06 17:45:00 +0000 2018,0.00,0.00,0.00,1.00
CNN,It's hard to remember a time when Starbucks wasn't on every big-city corner and in every US suburban shopping cente‚Ä¶ https://t.co/S6lkccOuee,Wed Jun 06 17:43:50 +0000 2018,-0.10,0.00,0.07,0.93
CNN,British troops burned down the White House during the War of 1812. Historians note the British attack on Washington‚Ä¶ https://t.co/da00rwRB2h,Wed Jun 06 17:33:39 +0000 2018,-0.79,0.00,0.28,0.72
CNN,"According to the sources, Trudeau pressed Trump on how he could justify the tariffs as a ""national security"" issue.‚Ä¶ https://t.co/EMylmUA4zt",Wed Jun 06 17:33:06 +0000 2018,0.34,0.12,0.00,0.88
CNN,President Trump and Canadian PM Justin Trudeau had a testy phone call on May 25 over new tariffs imposed by the Tru‚Ä¶ https://t.co/UEms7CfP5A,Wed Jun 06 17:31:49 +0000 2018,-0.08,0.00,0.06,0.94
CNN,Republican megadonor and billionaire David Koch is stepping down from his role at Koch Industries and other organiz‚Ä¶ https://t.co/C93TWf7bxd,Wed Jun 06 17:22:41 +0000 2018,0.00,0.00,0.00,1.00
CNN,Democratic Sen. Dick Durbin says healthcare will be the party's priority for the canceled August recess‚Ä¶ https://t.co/9qBZTGZYJI,Wed Jun 06 17:21:51 +0000 2018,-0.51,0.00,0.17,0.83
CNN,The maker of Jack Daniel's is worried about the impact of a trade war https://t.co/5rEiKMiNBa https://t.co/GfJJhgIgBC,Wed Jun 06 17:10:09 +0000 2018,-0.73,0.00,0.32,0.68
CNN,"Things are a little bit cheaper at Costco, Target, Walmart and Kroger this year thanks to a price war‚Ä¶ https://t.co/gGc6Ozrila",Wed Jun 06 17:00:03 +0000 2018,0.44,0.15,0.00,0.85
CNN,"Steamboat Geyser in Yellowstone National Park is erupting unusually frequently. On June 4, the geyser had its eight‚Ä¶ https://t.co/FJhiVtbNli",Wed Jun 06 16:55:36 +0000 2018,0.00,0.00,0.00,1.00
CNN,Paul Manafort could be in big trouble | By Paul Callan via @CNNOpinion https://t.co/MPcnd4ekF8 https://t.co/SrLVt49ThU,Wed Jun 06 16:53:29 +0000 2018,-0.40,0.00,0.17,0.83
CNN,"How much longer can the US economy keep rolling? Tune in to @CNNMoney's ""Markets Now at 12:45pm ET to see economist‚Ä¶ https://t.co/F4oK0zR21U",Wed Jun 06 16:40:09 +0000 2018,0.00,0.00,0.00,1.00
CNN,BREAKING: President Trump has commuted the life sentence of Alice Johnson following a White House meeting last week‚Ä¶ https://t.co/xLGQ5vvNtQ,Wed Jun 06 16:39:16 +0000 2018,0.08,0.07,0.00,0.93
CNN,"President Trump says first lady Melania Trump is ""doing really well"" ahead of her first public appearance since May‚Ä¶ https://t.co/mNU2ij342U",Wed Jun 06 16:28:36 +0000 2018,0.34,0.11,0.00,0.89
CNN,"""It wasn't my finest hour."" Former President Bill Clinton says he was mad at himself over his recent comments about‚Ä¶ https://t.co/ueAskMrNnD",Wed Jun 06 16:23:13 +0000 2018,-0.49,0.00,0.14,0.86
CNN,The European Union's top court ruled that same-sex couples are entitled to the same residency rights as other marri‚Ä¶ https://t.co/jExDrtdNck,Wed Jun 06 16:11:08 +0000 2018,0.44,0.18,0.00,0.82
CNN,"House Speaker Paul Ryan says he agrees with Republican Rep. Trey Gowdy that the FBI did ""exactly"" what it was suppo‚Ä¶ https://t.co/Xhbm8kD6MT",Wed Jun 06 16:03:05 +0000 2018,0.20,0.08,0.00,0.92
CNN,Watch these homes being built using a 3D printer https://t.co/igaBP4BFwG https://t.co/sGcYS89MDO,Wed Jun 06 15:57:00 +0000 2018,0.00,0.00,0.00,1.00
CNN,World Cup 2022: Meet the Qataris making the most of soccer's showcase https://t.co/DjpV7FTj0j https://t.co/stmyDwlsrb,Wed Jun 06 15:49:22 +0000 2018,0.00,0.00,0.00,1.00
CNN,"Will we ever fly like the Jetsons? This company just unveiled its first commercial flying car, Flyer ‚Äî and‚Ä¶ https://t.co/ch1x4FM5EX",Wed Jun 06 15:38:22 +0000 2018,0.36,0.12,0.00,0.88
CNN,Bill Gates is giving 2018 college grads his favorite new book for free https://t.co/vIe4FaQTFq,Wed Jun 06 15:36:18 +0000 2018,0.83,0.44,0.00,0.56
CNN,RT @cnni: JUST IN: Dozens of firefighters are tackling a blaze at a hotel in the Knightsbridge area of London https://t.co/ChtVjxJEv5 https‚Ä¶,Wed Jun 06 15:34:45 +0000 2018,0.00,0.00,0.00,1.00
CNN,"""On a personal level, we can all follow the ethos of the Miss America competition, and make a conscious effort to s‚Ä¶ https://t.co/T3LUphyJWN",Wed Jun 06 15:26:13 +0000 2018,-0.15,0.00,0.07,0.93
CNN,"Most Americans say they aren't booking a vacation to space -- except millennials. 63% say they'd be up for it, acco‚Ä¶ https://t.co/TQ8Mr0ffOc",Wed Jun 06 15:14:16 +0000 2018,0.00,0.00,0.00,1.00
CNN,"CNN is launching ‚ÄúAnderson Cooper Full Circle‚Äù ‚Äî a daily interactive global news brief on Facebook Watch, every wee‚Ä¶ https://t.co/9GJ59EhFij",Wed Jun 06 15:04:09 +0000 2018,0.00,0.00,0.00,1.00
CNN,President Trump has unblocked the 7 plaintiffs who sued him and members of his administration for blocking them on‚Ä¶ https://t.co/dET0H76kum,Wed Jun 06 15:01:56 +0000 2018,-0.38,0.00,0.13,0.87
CNN,"The White House has assembled the paperwork to pardon dozens of people, two sources with knowledge tell CNN, signal‚Ä¶ https://t.co/SLOtjill8C",Wed Jun 06 14:51:07 +0000 2018,0.32,0.11,0.00,0.89
Fox News,".@SeanHannity on the commutation of Alice Johnson: ""This is likely just the beginning of what is a long needed conv‚Ä¶ https://t.co/NJgae3AEVG",Thu Jun 07 01:15:33 +0000 2018,0.00,0.00,0.00,1.00
Fox News,.@POTUS hosts the @WhiteHouse iftar for the Muslim holiday of Ramadan. https://t.co/LGiHoC57y9,Thu Jun 07 01:02:07 +0000 2018,0.40,0.20,0.00,0.80
Fox News,"OUT OF THE DIAMOND AND INTO A CUP: A San Diego Padres fan caught a foul ball in her beer, and subsequently chugged‚Ä¶ https://t.co/LA2b7l9BN6",Thu Jun 07 01:01:16 +0000 2018,0.66,0.22,0.00,0.78
Fox News,DOJ tells Graham Rosenstein won't recuse from Mueller probe unless officials deem it necessary https://t.co/E8h9Yp47qc,Thu Jun 07 00:58:20 +0000 2018,0.00,0.00,0.00,1.00
Fox News,WATCH: D-Day Survivors Recall Invasion of Normandy 74 Years Later https://t.co/DvAKo36FLs,Thu Jun 07 00:53:43 +0000 2018,0.00,0.00,0.00,1.00
Fox News,"Who is Alice Marie Johnson, the great-grandmother Trump is granting clemency to? https://t.co/rzdrSLgrUk",Thu Jun 07 00:34:19 +0000 2018,0.32,0.16,0.00,0.84
Fox News,Connecticut man cops to trafficking in endangered sperm whale teeth https://t.co/Wh3GnILWLc,Thu Jun 07 00:31:16 +0000 2018,0.00,0.00,0.00,1.00
Fox News,".@ericswalwell: ""Jim @Comey is an imperfect man, all of us are, but imperfect people are still capable of telling t‚Ä¶ https://t.co/rTXjiIIm5p",Thu Jun 07 00:14:32 +0000 2018,-0.05,0.13,0.18,0.69
Fox News,Bush airport resumes operation following bomb scare caused by 'impatient' passenger https://t.co/vatbGdFANz,Thu Jun 07 00:07:17 +0000 2018,-0.75,0.00,0.39,0.61
Fox News,"Earlier, @SenTedCruz criticized the Obama administration amid reports that it gave Iran access to the United States‚Ä¶ https://t.co/0D6jjxEL0u",Wed Jun 06 23:59:47 +0000 2018,0.08,0.13,0.12,0.75
Fox News,Parkland high school monitor who saw Nikolas Cruz before shooting is barred from grounds. https://t.co/73QghMBEeE,Wed Jun 06 23:55:00 +0000 2018,0.00,0.00,0.00,1.00
Fox News,'The Media Is Totally Out of Line': #TheFive Reacts to Rumors About Melania Trump. https://t.co/NcEpDJ7Taj,Wed Jun 06 23:49:29 +0000 2018,0.00,0.00,0.00,1.00
Fox News,.@FloydMayweather tops Forbes' list as the highest-paid athlete. (via @MRichardson713) https://t.co/RhlxHu0Dz0,Wed Jun 06 23:42:03 +0000 2018,0.51,0.25,0.00,0.75
Fox News,".@newtgingrich: ""I think among Republicans, [@POTUS] is probably the most popular president at this stage of any Re‚Ä¶ https://t.co/lYMnsNP6SD",Wed Jun 06 23:39:50 +0000 2018,0.48,0.15,0.00,0.85
Fox News,UPDATE: Alice Johnson has been released from federal prison after a commutation from @POTUS and lobbying from‚Ä¶ https://t.co/N8OORmx43s,Wed Jun 06 23:31:14 +0000 2018,-0.56,0.00,0.23,0.77
Fox News,".@GovMikeHuckabee: ""A lot of the people that we're incarcerating, we need to be putting them in treatment centers.""‚Ä¶ https://t.co/F5lIoT3iQG",Wed Jun 06 23:25:22 +0000 2018,0.00,0.00,0.00,1.00
Fox News,"Sen. @LindseyGrahamSC on Deputy AG Rod Rosenstein and the Mueller probe: ""I don't know how you can oversee an inves‚Ä¶ https://t.co/c9MOHfaKuc",Wed Jun 06 23:19:14 +0000 2018,0.00,0.00,0.00,1.00
Fox News,".@JonahNRO on Singapore summit: ""I think the best you can get out of this is just to determine whether or not the N‚Ä¶ https://t.co/nIzHW12Oyx",Wed Jun 06 23:13:02 +0000 2018,0.64,0.15,0.00,0.85
Fox News,".@LindseyGrahamSC on the FBI's handling of events surrounding the 2016 election: ""We'll see what the [inspector gen‚Ä¶ https://t.co/k9pHsbjXHf",Wed Jun 06 23:09:56 +0000 2018,0.00,0.00,0.00,1.00
Fox News,".@SusanPage on Singapore summit: ""I can't imagine that on June 12th they're going to reach a verifiable, in concret‚Ä¶ https://t.co/SKiViKKSCF",Wed Jun 06 23:01:20 +0000 2018,0.03,0.06,0.00,0.94
Fox News,South Carolina prisons using drones to combat contraband deliveries. https://t.co/TF55LNstkH,Wed Jun 06 23:01:15 +0000 2018,-0.34,0.00,0.21,0.79
Fox News,Bumper car catches on fire at North Carolina amusement park https://t.co/gGPRXhTG2e,Wed Jun 06 22:54:46 +0000 2018,0.03,0.18,0.17,0.65
Fox News,This @GrandCanyonNPS squirrel had no shame in asking a tourist for a quick drink. https://t.co/HkNTcPQgsP,Wed Jun 06 22:51:13 +0000 2018,-0.65,0.00,0.33,0.68
Fox News,"Belmont Stakes horses to watch, from Triple Crown hopeful Justify to Gronkowski https://t.co/MphMxG8cg1",Wed Jun 06 22:44:18 +0000 2018,0.51,0.22,0.00,0.78
Fox News,"Trump forced Kim Jong Un to 'beg' for meeting, Giuliani says https://t.co/mcs3ELY43J",Wed Jun 06 22:35:55 +0000 2018,-0.46,0.00,0.21,0.79
Fox News,"GERBER BABIES UNITE: One-year-old Lucas Warren, the newest Gerber Baby, recently met with 91-year-old Ann Turner Co‚Ä¶ https://t.co/gSCx56Td7v",Wed Jun 06 22:32:10 +0000 2018,0.00,0.00,0.00,1.00
Fox News,'A Sanctuary City': Philadelphia Mayor Kenney Dances to Celebrate Court Win Against Trump https://t.co/hzd4V8KVOl,Wed Jun 06 22:26:05 +0000 2018,0.82,0.39,0.00,0.61
Fox News,.@SenateMajLdr cancels Senate's traditional August recess. @MikeEmanuelFox has the story. #SpecialReport‚Ä¶ https://t.co/hTkXhrO9OI,Wed Jun 06 22:15:31 +0000 2018,-0.23,0.00,0.15,0.85
Fox News,"South Carolina restaurant manager pleads guilty to enslaving, abusing mentally challenged black worker https://t.co/9dezylDRSC",Wed Jun 06 22:09:29 +0000 2018,-0.74,0.00,0.40,0.60
Fox News,"OPINION: California breaks Democrats' hearts: 'Big, blue shutout' fails and other takeaways from Tuesday's primaries https://t.co/8mub9U2SiW",Wed Jun 06 22:06:02 +0000 2018,-0.42,0.00,0.16,0.84
Fox News,".@JesseBWatters on @BillClinton: ""Only a Democrat can get a do-over in the mainstream media."" #TheFive‚Ä¶ https://t.co/NqSSKZoJNC",Wed Jun 06 21:56:33 +0000 2018,0.00,0.00,0.00,1.00
Fox News,"Missouri men bound, set woman on fire when she refused to give combination to safe, police say. https://t.co/3pzD9sf6s1",Wed Jun 06 21:51:03 +0000 2018,-0.18,0.13,0.20,0.67
Fox News,"Severed rattlesnake head bites Texas man, nearly kills him. https://t.co/wlq7vCuvXJ",Wed Jun 06 21:43:49 +0000 2018,-0.72,0.00,0.43,0.57
Fox News,"Kim Jong Un is terrified someone will kill him at the Singapore summit, report says
https://t.co/CSRoHfKShI",Wed Jun 06 21:34:40 +0000 2018,-0.87,0.00,0.38,0.62
Fox News,"'Highly partisan' Mueller team is trying hard to 'frame' @POTUS, Giuliani says in Israel.
https://t.co/l1HOa4rGAl",Wed Jun 06 21:27:45 +0000 2018,-0.10,0.00,0.09,0.91
Fox News,.@greggutfeld on the upcoming North Korea summit. https://t.co/Vio4w2SKAj,Wed Jun 06 21:20:13 +0000 2018,0.00,0.00,0.00,1.00
Fox News,".@kimguilfoyle: ""If ultimately the goal gets achieved, and they accomplish something, and they're able to denuclear‚Ä¶ https://t.co/oUcoa9g03C",Wed Jun 06 21:16:46 +0000 2018,0.42,0.15,0.00,0.85
Fox News,"It wasn't the McCain joke, but the subsequent response, that cost former White House aide Kelly Sadler her job. https://t.co/OpuFc1wyED",Wed Jun 06 21:09:07 +0000 2018,-0.11,0.00,0.07,0.93
Fox News,"Stormy Daniels sues her former lawyer, says he became 'puppet' for Trump  https://t.co/nHQaf4Kpwc",Wed Jun 06 21:01:56 +0000 2018,0.00,0.00,0.00,1.00
Fox News,".@RandPaul: ""Trade is largely beneficial to this country and one of the things that people misinterpret is they tal‚Ä¶ https://t.co/SPUm7nZE5q",Wed Jun 06 21:00:46 +0000 2018,0.44,0.13,0.00,0.87
Fox News,"Manchin says he regrets Clinton support, could back Trump in 2020 https://t.co/YnAQ7C97PV",Wed Jun 06 20:59:48 +0000 2018,0.05,0.18,0.16,0.66
Fox News,".@RandPaul on NK summit: ""I think it's a mistake to start using national security wavers to invoke tariffs on allie‚Ä¶ https://t.co/ijkws6eDsJ",Wed Jun 06 20:39:50 +0000 2018,0.00,0.10,0.10,0.79
Fox News,RT @FoxBusiness: #StockAlert: The Dow Jones Industrial Average ends at session highs; New record closes for Nasdaq and Russell 2000 for the‚Ä¶,Wed Jun 06 20:32:36 +0000 2018,0.00,0.00,0.00,1.00
Fox News,Rep. Daniel Webster: Trump takes action to improve veterans‚Äô health care https://t.co/iC58PQY27p,Wed Jun 06 20:29:54 +0000 2018,0.73,0.38,0.00,0.62
Fox News,.@IHOP says it's changing iconic name; pancake lovers flip out https://t.co/9qLNy1GLlV,Wed Jun 06 20:24:25 +0000 2018,0.53,0.25,0.00,0.75
Fox News,".@AshWebsterFBN on tariffs: ""We're prideful now that we're finally firing back in a trade war that's gone on for de‚Ä¶ https://t.co/3d6oza3Ohv",Wed Jun 06 20:21:19 +0000 2018,-0.74,0.00,0.26,0.74
Fox News,"Mark Penn: ""These tariffs go right to the sweet spot of Indiana through Pennsylvania. And so it's important that De‚Ä¶ https://t.co/tcDOGNRA5i",Wed Jun 06 20:16:17 +0000 2018,0.62,0.21,0.00,0.79
Fox News,".@cvpayne on G7 summit: ""The markets certainly sense that @POTUS is gonna get something huge here...We're in a hot‚Ä¶ https://t.co/aSoHGpf2XD",Wed Jun 06 20:13:27 +0000 2018,0.57,0.22,0.00,0.78
Fox News,Stocks surging despite trade war fears. @TeamCavuto https://t.co/mbiIkoLFHd https://t.co/8RfpLQbU0g,Wed Jun 06 20:07:58 +0000 2018,0.67,0.44,0.00,0.56
Fox News,President @realDonaldTrump to meet with leaders of Europe and Canada amid fears of trade war. @BlakeBurman has the‚Ä¶ https://t.co/PSSPvwHvAa,Wed Jun 06 20:07:15 +0000 2018,-0.77,0.00,0.28,0.72
Fox News,Lobbying for Trump pardons hits a fever pitch https://t.co/jkBHaPk1I1,Wed Jun 06 20:04:12 +0000 2018,0.23,0.23,0.14,0.63
Fox News,Bill to allow importing of exotic animals for hunting shut down by Rhode Island lawmakers. https://t.co/wNHPrL0sQM,Wed Jun 06 19:54:04 +0000 2018,0.23,0.11,0.00,0.89
Fox News,Four ISIS terrorists are dead after U.S. airstrikes in Libya today. @ShepNewsTeam https://t.co/ScC3r7H6tS,Wed Jun 06 19:46:20 +0000 2018,-0.86,0.00,0.43,0.57
Fox News,Investigators in Virginia say a soldier was on drugs when he stole an armored vehicle and led police on a chase for‚Ä¶ https://t.co/OTsagIHek6,Wed Jun 06 19:42:35 +0000 2018,0.00,0.00,0.00,1.00
Fox News,OPINION: Dear Kate Spade: Your handbags (and earmuffs) brought us so much joy -- I'm sorry you were so sad https://t.co/lYmrQZwkAk,Wed Jun 06 19:37:07 +0000 2018,0.34,0.23,0.18,0.59
Fox News,Congressional letters obtained by Fox News show that former FBI Deputy Director Andrew McCabe wants a special statu‚Ä¶ https://t.co/zVY4VthtQL,Wed Jun 06 19:36:17 +0000 2018,0.40,0.14,0.00,0.86
Fox News,"Army prototypes new self-powering 'Iron Man' soldier suits.
https://t.co/T57D4DJuTh",Wed Jun 06 19:33:33 +0000 2018,0.00,0.00,0.00,1.00
Fox News,Who is John Cox? 3 things to know about the Republican California governor hopeful. https://t.co/ELRROn5jlf,Wed Jun 06 19:23:34 +0000 2018,0.51,0.20,0.00,0.80
Fox News,"DOJ fires back at Dems' claim of political bias over immigration judge hiring - via @brookefoxnews 
https://t.co/a12qLY8Kn6",Wed Jun 06 19:17:54 +0000 2018,-0.10,0.00,0.09,0.92
Fox News,Florida's 'city of the future' is the first solar-powered town in America. https://t.co/F53RUT2hPq,Wed Jun 06 19:15:30 +0000 2018,0.00,0.00,0.00,1.00
Fox News,"Delaware boy dreams of becoming a police officer after a trooper helps his family.
https://t.co/WECrKqh7RH",Wed Jun 06 19:10:21 +0000 2018,0.65,0.33,0.00,0.68
Fox News,".@POTUS on @FLOTUS during a @FEMA briefing: ""She went through a little rough patch, but she's doing great and we're‚Ä¶ https://t.co/5QXbBVHcte",Wed Jun 06 19:04:56 +0000 2018,0.77,0.24,0.00,0.76
Fox News,Illegal immigrant making pizza delivery at New York's Fort Hamilton arrested by ICE https://t.co/9w0ZJ0aAXt,Wed Jun 06 19:00:00 +0000 2018,-0.77,0.00,0.36,0.64
Fox News,RT @foxnewscareers: Fox News is partnering with Facebook Watch to provide viewers with high quality and timely news. If you're a Content Pr‚Ä¶,Wed Jun 06 18:51:24 +0000 2018,0.00,0.00,0.00,1.00
Fox News,".@stevestivers on California primaries: ""We tested our turnout messages, and they worked. We had more Republican tu‚Ä¶ https://t.co/N2qSqI7Zia",Wed Jun 06 18:46:43 +0000 2018,0.00,0.00,0.00,1.00
Fox News,".@GavinNewsom to face John Cox in California governor's race in November. @pdoocy has the story from Del Mar, Calif‚Ä¶ https://t.co/Jzr9rUD9J9",Wed Jun 06 18:41:07 +0000 2018,0.00,0.00,0.00,1.00
Fox News,"Before signing the VA Mission Act of 2018 today, President @realDonaldTrump praised America's veterans and promised‚Ä¶ https://t.co/JdCG3SWGHO",Wed Jun 06 18:40:16 +0000 2018,0.49,0.17,0.00,0.83
Fox News,"San Diego Padres fan catches foul ball in beer cup, celebrates by chugging drink  https://t.co/qmzMW3MISE",Wed Jun 06 18:37:15 +0000 2018,0.72,0.32,0.00,0.68
Fox News,".@POTUS on trade: ""We have the worst deals ever made. NAFTA is a disaster. World Trade Organization is a disaster."" https://t.co/U3TkJ6DN4k",Wed Jun 06 18:34:42 +0000 2018,-0.85,0.00,0.33,0.68
Fox News,".@POTUS: ""We have $1.6 billion being spent on phase one of the wall."" https://t.co/fwK0CQxlrd",Wed Jun 06 18:24:03 +0000 2018,0.00,0.00,0.00,1.00
Fox News,".@POTUS: ""We're now exporting energy for the first time."" https://t.co/3u9wim7HF3",Wed Jun 06 18:22:41 +0000 2018,0.27,0.19,0.00,0.81
Fox News,".@POTUS: ""We have the worst trade deals ever made and we're gonna have now fair trade deals."" https://t.co/Oqp6JNC2PZ",Wed Jun 06 18:19:43 +0000 2018,-0.42,0.10,0.18,0.71
Fox News,.@POTUS and @FLOTUS participate in a FEMA Hurricane briefing.  https://t.co/NbfBlPj0jr,Wed Jun 06 18:18:19 +0000 2018,0.00,0.00,0.00,1.00
Fox News,.@SenTedCruz/@SenAlexander survey of priorities. @dailybriefing https://t.co/7G9a0p6BV5,Wed Jun 06 18:13:05 +0000 2018,0.00,0.00,0.00,1.00
Fox News,".@tedcruz: ""In the last year and a half we've accomplished a tremendous amount."" @dailybriefing https://t.co/urRb8y2y8s",Wed Jun 06 18:11:58 +0000 2018,0.44,0.20,0.00,0.81
Fox News,"Nevada girl, 10, honored for shielding her young relatives from barrage of gunfire in Walmart parking lot (via‚Ä¶ https://t.co/oTQJ29a2j2",Wed Jun 06 18:05:00 +0000 2018,0.59,0.17,0.00,0.83
Fox News,Teacher removed from school after being accused of taking bribes from students. https://t.co/KUCK7qrjZG,Wed Jun 06 18:02:23 +0000 2018,-0.30,0.00,0.15,0.84
Fox News,".@newtgingrich: ""It's a traffic jam [@TheDemocrats] created."" #OutnumberedOT https://t.co/h1UrQ0vBaG",Wed Jun 06 17:49:26 +0000 2018,0.00,0.00,0.00,1.00
Fox News,Woman pleads guilty to making up rape allegations against two college football players https://t.co/tNyBNuwGvI,Wed Jun 06 17:45:15 +0000 2018,-0.82,0.00,0.39,0.61
Fox News,Rainbow spotted in crater of Hawaii's Kilauea volcano https://t.co/PE9rSHJX1s,Wed Jun 06 17:34:05 +0000 2018,0.00,0.00,0.00,1.00
Fox News,Moments ago @KimKardashian tweeted out about President @realDonaldTrump commuting the life sentence for Alice Marie‚Ä¶ https://t.co/l403p01bMp,Wed Jun 06 17:31:36 +0000 2018,0.08,0.08,0.00,0.92
Fox News,"Ex-Dem IT aide Imran Awan poised for plea deal, after months of mysterious delays https://t.co/E7biBroQjy",Wed Jun 06 17:29:38 +0000 2018,0.25,0.12,0.00,0.88
Fox News,".@mattgaetz: ""Andrew McCabe was leaking to the @WSJ about the nature of the @HillaryClinton investigation trying to‚Ä¶ https://t.co/WxPr4vYQL8",Wed Jun 06 17:16:20 +0000 2018,0.00,0.00,0.00,1.00
Fox News,"""They put everything on the line for us, and when they come home, we must do everything that we can possibly do for‚Ä¶ https://t.co/gf9YD4VVMI",Wed Jun 06 17:12:02 +0000 2018,0.00,0.00,0.00,1.00
Fox News,House Democratic leaders hold a news conference https://t.co/c2z9oGBVlg,Wed Jun 06 17:05:55 +0000 2018,0.00,0.00,0.00,1.00
Fox News,"""No one who defends our country in uniform should have to fight for their lives when they come back.""

WATCH:‚Ä¶ https://t.co/JL8WsrdLKe",Wed Jun 06 17:05:00 +0000 2018,-0.59,0.00,0.20,0.80
Fox News,".@newtgingrich: ""65% of Californians say that the state's too expensive in terms of cost of living."" #Outnumbered https://t.co/oINfMOvVnX",Wed Jun 06 17:00:01 +0000 2018,0.00,0.00,0.00,1.00
Fox News,BREAKING NEWS: @POTUS commutes sentence of woman serving drug-related life term after @KimKardashian meeting‚Ä¶ https://t.co/xqg80RbprU,Wed Jun 06 16:51:28 +0000 2018,0.08,0.09,0.00,0.92
Fox News,MOMENTS AGO: President @realDonaldTrump signs V.A. Mission Act of 2018. https://t.co/tQuOhawuzK,Wed Jun 06 16:49:26 +0000 2018,0.00,0.00,0.00,1.00
Fox News,Breaking News: @POTUS commutes sentence of woman serving drug-related life term after Kim Kardashian meeting https://t.co/asGF4W6mHH,Wed Jun 06 16:47:22 +0000 2018,0.08,0.08,0.00,0.92
Fox News,".@POTUS: ""They put everything on the line for us, and when they come home, we must do everything that we can possib‚Ä¶ https://t.co/OBw00Gbpc1",Wed Jun 06 16:43:15 +0000 2018,0.00,0.00,0.00,1.00
Fox News,".@POTUS: ""For 30, 40 years they've been trying to get this done and they haven't been able to and we got it done."" https://t.co/efUH84dlFr",Wed Jun 06 16:40:36 +0000 2018,0.00,0.00,0.00,1.00
Fox News,".@POTUS: ""As a candidate for president, I promised to make reforming the VA one of my absolute highest priorities,‚Ä¶ https://t.co/ZW2ZXhwyWp",Wed Jun 06 16:38:26 +0000 2018,0.36,0.13,0.00,0.87
Fox News,".@POTUS: ""No one who defends our country in uniform should have to fight for their lives when they come back."" https://t.co/KWz2sCbAe9",Wed Jun 06 16:36:40 +0000 2018,-0.59,0.00,0.20,0.80
Fox News,".@POTUS: ""We got $1.6 billion - we've already started the wall on the Southern border."" https://t.co/Eeo35SgcEN",Wed Jun 06 16:32:56 +0000 2018,0.00,0.00,0.00,1.00
Fox News,".@POTUS: ""We just got $700 billion for our military."" https://t.co/tmFkcPrTZK",Wed Jun 06 16:31:29 +0000 2018,0.00,0.00,0.00,1.00
Fox News,".@POTUS to veterans: ""You fulfilled your duty to our nation with tremendous loyalty and courage."" https://t.co/N8REK1s1k0",Wed Jun 06 16:30:21 +0000 2018,0.74,0.31,0.00,0.69
Fox News,".@POTUS signs the ""VA Mission Act of 2018"" in the Rose Garden at the @WhiteHouse https://t.co/NkLh9PDX37",Wed Jun 06 16:28:41 +0000 2018,0.00,0.00,0.00,1.00
Fox News,HAPPENING NOW: @POTUS signs V.A. Mission Act of 2018. https://t.co/PyrGRTOFzR,Wed Jun 06 16:28:38 +0000 2018,0.00,0.00,0.00,1.00
Fox News,"Michigan WWII veteran who wished for 100 cards on 100th birthday receives more than 50,000 #ProudAmerican https://t.co/S336IGpuYT",Wed Jun 06 16:22:11 +0000 2018,0.00,0.00,0.00,1.00
The New York Times,Evening Briefing: Here's what you need to know at the end of the day https://t.co/6vfzdycob7,Thu Jun 07 01:17:05 +0000 2018,0.00,0.00,0.00,1.00
The New York Times,NBA Finals: Live updates as the Golden State Warriors head into Game 3 against the Cleveland Cavaliers with a 2-0 l‚Ä¶ https://t.co/cyJ1zHT5IM,Thu Jun 07 01:02:02 +0000 2018,0.00,0.00,0.00,1.00
The New York Times,"The New Yorker's staff members have unionized, saying the magazine ‚Äúmust work harder for its employees‚Äù https://t.co/VdYV8AAJPk",Thu Jun 07 00:47:06 +0000 2018,0.00,0.00,0.00,1.00
The New York Times,"RT @NYTSports: As LeBron James makes his eighth straight appearance in the N.B.A. finals, his trip through the playoffs this spring has had‚Ä¶",Thu Jun 07 00:43:25 +0000 2018,0.23,0.08,0.00,0.92
The New York Times,Susan Sontag once called him ‚Äúthe greatest writer ever produced in Latin America‚Äù https://t.co/KfqgWtkG5A,Thu Jun 07 00:32:06 +0000 2018,0.64,0.24,0.00,0.76
The New York Times,"RT @brooksbarnesNYT: My obit on Jerry Maren, the last of the dwarfs who played Munchkins in ""The Wizard of Oz."" He also had a major career‚Ä¶",Thu Jun 07 00:17:05 +0000 2018,0.34,0.09,0.00,0.91
The New York Times,Democrats enhanced their prospects for winning control of the House in Tuesday‚Äôs coast-to-coast primaries https://t.co/9yrvzYBGl1,Thu Jun 07 00:02:05 +0000 2018,0.68,0.30,0.00,0.70
The New York Times,"The poet Lawrence Ferlinghetti will publish a semi-autobiographical novel next year, timed to his 100th birthday https://t.co/pMsKwFMlex",Wed Jun 06 23:47:07 +0000 2018,0.32,0.13,0.00,0.87
The New York Times,Rarely has one of the NBA's supreme players chased a championship with less help than LeBron James https://t.co/LsWAXWOVVd,Wed Jun 06 23:31:06 +0000 2018,0.84,0.39,0.00,0.61
The New York Times,"Full results and maps from the California primaries
https://t.co/gN6FsjEYgb",Wed Jun 06 23:17:02 +0000 2018,0.00,0.00,0.00,1.00
The New York Times,A lawsuit brought by Stormy Daniels reveals text messages between Michael Cohen and her former lawyer discussing an‚Ä¶ https://t.co/EW3YPOKFtd,Wed Jun 06 23:02:03 +0000 2018,-0.23,0.00,0.10,0.90
The New York Times,Evening Briefing: Here's what you need to know at the end of the day https://t.co/DHbVsdo1pA,Wed Jun 06 22:47:04 +0000 2018,0.00,0.00,0.00,1.00
The New York Times,"Kate Spade's husband, Andy, released a statement about his wife's death https://t.co/xyGI71ZrVm",Wed Jun 06 22:35:00 +0000 2018,-0.60,0.00,0.28,0.72
The New York Times,"RT @nytfood: The chef April Bloomfield will get 4 restaurants in her split from Ken Friedman, who‚Äôs accused of sexually harassing employees‚Ä¶",Wed Jun 06 22:17:07 +0000 2018,-0.69,0.00,0.23,0.77
The New York Times,"Betsy DeVos halted relieving the debt of some student borrowers who were defrauded by the Corinthian Colleges, afte‚Ä¶ https://t.co/JImltX7hCA",Wed Jun 06 22:17:06 +0000 2018,0.00,0.11,0.11,0.77
The New York Times,RT @VVFriedman: Exclusive: Kate Spade's husband Andy talks for the first time about his wife's death: ‚ÄòThere Was No Indication and No Warni‚Ä¶,Wed Jun 06 22:02:04 +0000 2018,-0.78,0.05,0.29,0.66
The New York Times,"The husband of the influential designer Kate Spade, who died of suicide, said she had been treated for severe depre‚Ä¶ https://t.co/XH2dW5HOAF",Wed Jun 06 21:47:02 +0000 2018,-0.83,0.10,0.35,0.56
The New York Times,"‚ÄúEveryone knows the saying, ‚ÄòHate that I love you.‚Äô Well, that is the 2018 NBA finals summed up.‚Äù https://t.co/YvypgiuHKV",Wed Jun 06 21:31:05 +0000 2018,0.74,0.28,0.00,0.72
The New York Times,Many other employees at the American Consulate in the southern Chinese city of Guangzhou and their family members a‚Ä¶ https://t.co/k5DWi0oZPH,Wed Jun 06 21:21:00 +0000 2018,0.00,0.00,0.00,1.00
The New York Times,Breaking News: More State Dept. employees have fallen ill after hearing strange noises. The crisis has spread to Ch‚Ä¶ https://t.co/vZxSH4v4ff,Wed Jun 06 21:07:04 +0000 2018,-0.88,0.00,0.41,0.59
The New York Times,"RT @Nate_Cohn: California take-away: the race is going as expected, with the noted and discussed exception of CA-21 https://t.co/fazs4ar1SC",Wed Jun 06 21:01:03 +0000 2018,0.00,0.00,0.00,1.00
The New York Times,"Jordan Roth has become Broadway‚Äôs singular showman, pushing the boundaries of what it means ‚Äî and looks like ‚Äî to b‚Ä¶ https://t.co/lXVnt5HYYX",Wed Jun 06 20:50:04 +0000 2018,0.36,0.12,0.00,0.88
The New York Times,"Before the hit television series, movie and sequel, ""Sex and the City"" was a newspaper column https://t.co/FWli7BOPbT",Wed Jun 06 20:40:03 +0000 2018,0.00,0.00,0.00,1.00
The New York Times,"RT @NYTNational: ""Eat a good breakfast then go and dismantle the patriarchy."" A 19-year-old reader shares her advice for graduating student‚Ä¶",Wed Jun 06 20:30:01 +0000 2018,0.62,0.23,0.00,0.77
The New York Times,Greece has declared an economic recovery. Try telling that to the doctors and engineers who fled years ago and have‚Ä¶ https://t.co/YZjdsbJvJF,Wed Jun 06 20:20:07 +0000 2018,0.00,0.00,0.00,1.00
The New York Times,‚ÄúI‚Äôm sitting here and being subjected to frankly ridiculous accusations based on the most tenuous connections that‚Ä¶ https://t.co/w9PHTTDjaH,Wed Jun 06 20:10:06 +0000 2018,-0.59,0.00,0.23,0.77
The New York Times,"‚ÄúWe voted that sexual violence, including campus sexual violence, must be taken seriously by our elected officials,‚Ä¶ https://t.co/CMYXLIfMO5",Wed Jun 06 20:00:07 +0000 2018,-0.87,0.00,0.40,0.60
The New York Times,"RT @nytpolitics: In a letter to senior Trump administration officials, European leaders asked for an exemption from sanctions on Iran https‚Ä¶",Wed Jun 06 19:50:05 +0000 2018,0.00,0.00,0.00,1.00
The New York Times,"""Kim Cattrall‚Äôs real voice is as unlike the voice of Samantha Jones as a late October morning is unlike a Fourth of‚Ä¶ https://t.co/Ggg0WvCoY6",Wed Jun 06 19:40:03 +0000 2018,0.00,0.00,0.00,1.00
The New York Times,California primary election results https://t.co/om61zaCPNx,Wed Jun 06 19:30:07 +0000 2018,0.00,0.00,0.00,1.00
The New York Times,"RT @kevinroose: I hated the scooter craze from afar. Then I went to LA and tried them, and now I want a scooter permanently attached to my‚Ä¶",Wed Jun 06 19:20:08 +0000 2018,-0.67,0.05,0.21,0.74
The New York Times,U.S. Soccer has hired Earnie Stewart as the national team's general manager. His mission: to build a team that can‚Ä¶ https://t.co/om9LJPS4AB,Wed Jun 06 19:10:05 +0000 2018,0.00,0.00,0.00,1.00
The New York Times,"RT @declanwalsh: Intimidation, abduction and an assault on social media. Can Pakistan's election be free when the journalists covering it a‚Ä¶",Wed Jun 06 19:00:03 +0000 2018,-0.80,0.11,0.34,0.55
The New York Times,Hurricanes are lingering longer. That makes them more dangerous. https://t.co/ibTs2XeJQM https://t.co/3966lHbOuP,Wed Jun 06 18:50:08 +0000 2018,-0.53,0.00,0.25,0.75
The New York Times,"""I've made this dish twice now and, just like other posters here, it was completely gone by the end of the meal"" ‚Äî‚Ä¶ https://t.co/TsFtKK2Xn2",Wed Jun 06 18:40:07 +0000 2018,0.36,0.10,0.00,0.90
The New York Times,He ordered his uncle executed and half brother assassinated. He spent millions developing a hydrogen bomb and ICBMs‚Ä¶ https://t.co/EcQ06Izzom,Wed Jun 06 18:30:05 +0000 2018,-0.49,0.00,0.16,0.84
The New York Times,Democratic candidates in California‚Äôs 7 most competitive House races are set to advance to the general election and‚Ä¶ https://t.co/maodvYh832,Wed Jun 06 18:20:05 +0000 2018,0.25,0.10,0.00,0.90
The New York Times,"RT @joecoscarelli: spoke to @TierraWhack, the word-of-mouth artist of the moment, about her 15-song, 15-minute debut https://t.co/TvXWl6d0d‚Ä¶",Wed Jun 06 18:10:06 +0000 2018,0.00,0.00,0.00,1.00
The New York Times,"""First we were students. Then survivors. Now family."" Read how a Parkland class where 1 in 4 students were struck b‚Ä¶ https://t.co/qjiUg9KFRT",Wed Jun 06 18:00:09 +0000 2018,-0.25,0.00,0.10,0.90
The New York Times,"RT @nytopinion: ‚ÄúThe vast majority of the Eagles team decided to abandon their fans,‚Äù Sarah Huckabee Sanders said.

Hardly, says Glen Macno‚Ä¶",Wed Jun 06 17:50:05 +0000 2018,-0.44,0.00,0.12,0.88
The New York Times,What Kate Spade stood for https://t.co/Oz6FiUaOcI https://t.co/bw51tvcEB2,Wed Jun 06 17:40:08 +0000 2018,0.00,0.00,0.00,1.00
The New York Times,"‚ÄúA lump might gather in your throat during the opening titles, and dissolve into sniffles and sobs as the final cre‚Ä¶ https://t.co/deGVm8GNQU",Wed Jun 06 17:30:05 +0000 2018,-0.54,0.00,0.14,0.86
The New York Times,"President Trump: ‚ÄúThe Fake News Media has been so unfair, and vicious, to my wife and our great First Lady, Melania‚Äù https://t.co/azUzOjG0IO",Wed Jun 06 17:20:06 +0000 2018,-0.70,0.13,0.31,0.56
The New York Times,California primary election results https://t.co/4kFTjFY03i,Wed Jun 06 17:10:08 +0000 2018,0.00,0.00,0.00,1.00
The New York Times,President Trump commuted the sentence of a woman serving life in prison on a drug conviction after he was lobbied b‚Ä¶ https://t.co/MBHJIOxkyl,Wed Jun 06 16:58:21 +0000 2018,-0.46,0.06,0.15,0.80
The New York Times,The Roy Lichtenstein Foundation is giving around 400 artworks ‚Äî about half its holdings ‚Äî to the Whitney Museum https://t.co/W9BcGaCued,Wed Jun 06 16:50:04 +0000 2018,0.34,0.12,0.00,0.88
The New York Times,"San Francisco's new ban on the selling of flavored tobacco products, including menthol cigarettes, is said to be th‚Ä¶ https://t.co/GpAdc7wQqs",Wed Jun 06 16:40:10 +0000 2018,-0.56,0.00,0.16,0.84
The New York Times,RT @nytopinion: Scott Pruitt has once again been burnishing his reputation as the Trump administration‚Äôs biggest grifter https://t.co/HvrWp‚Ä¶,Wed Jun 06 16:30:14 +0000 2018,0.00,0.00,0.00,1.00
The New York Times,"50 years ago, feminists protested the Miss America pageant by throwing bras and girdles into a trash can. Now,‚Ä¶ https://t.co/T1XFqkzESw",Wed Jun 06 16:20:07 +0000 2018,-0.27,0.00,0.15,0.85
The New York Times,"A lot remains to be seen, but here‚Äôs what we know so far about the California primary https://t.co/A2LspQirrT",Wed Jun 06 16:10:03 +0000 2018,0.00,0.00,0.00,1.00
The New York Times,"RT @NYTmag: 24 couples, 24 hours, 24 covers. On a single day in May, @NYTmag captured couples kissing in a truck, photographing them as the‚Ä¶",Wed Jun 06 16:00:09 +0000 2018,0.57,0.14,0.00,0.86
The New York Times,"Kanye West‚Äôs ""Ye"" is here. Let‚Äôs discuss. https://t.co/Tx4gaxZyN7 https://t.co/t8N6qhpPzc",Wed Jun 06 15:50:04 +0000 2018,0.00,0.00,0.00,1.00
The New York Times,"Their class was one of the hardest hit during the Parkland school shooting. Now, those who made it are trying to he‚Ä¶ https://t.co/geZ4iRF0Bv",Wed Jun 06 15:40:07 +0000 2018,0.00,0.00,0.00,1.00
The New York Times,Breaking News: Paul Ryan dismissed President Trump‚Äôs charge of a spy in his campaign and warned against his pardoni‚Ä¶ https://t.co/LDgUqXio1q,Wed Jun 06 15:28:28 +0000 2018,-0.27,0.00,0.10,0.90
The New York Times,"RT @nytimesarts: ""Sex and the City"" premiered on HBO 20 years ago today. Here is the first New York Times article referencing the show. htt‚Ä¶",Wed Jun 06 15:20:13 +0000 2018,0.00,0.00,0.00,1.00
The New York Times,"The yacht at the center of Britain's costliest divorce has a spa, a swimming pool, two heliports and room for 18 gu‚Ä¶ https://t.co/wfwHQF0dJD",Wed Jun 06 15:10:06 +0000 2018,0.00,0.00,0.00,1.00
The New York Times,"The NYT review of ""Ocean's 8"" https://t.co/Sa7qjHrZP4",Wed Jun 06 15:00:21 +0000 2018,0.00,0.00,0.00,1.00
The New York Times,RT @abscribe: Spent some time with a remarkable group of #MSD students from one history class. A story about healing.  ‚ÄòAre We Going to Die‚Ä¶,Wed Jun 06 14:50:08 +0000 2018,0.56,0.14,0.00,0.86
The New York Times,RT @tariqpanja: Went to Morocco and Holland to understand how Morocco has come to be team at this year's World Cup with the most foreign bo‚Ä¶,Wed Jun 06 14:40:08 +0000 2018,0.00,0.00,0.00,1.00
The New York Times,"In Opinion

The editorial board writes, ""Ambassadors do not represent a president; they represent a state, and they‚Ä¶ https://t.co/2sV7taMSVc",Wed Jun 06 14:31:06 +0000 2018,0.00,0.00,0.00,1.00
The New York Times,"An unknown caller falsely reported that there was someone with a weapon inside the home of David Hogg, a survivor o‚Ä¶ https://t.co/oYkhveVBFO",Wed Jun 06 14:20:06 +0000 2018,0.08,0.11,0.10,0.79
The New York Times,A German far-right leader was swimming in a lake near his house when a man grabbed his clothes. The thief's parting‚Ä¶ https://t.co/jmULPWR231,Wed Jun 06 14:11:03 +0000 2018,0.00,0.00,0.00,1.00
The New York Times,Vladimir Putin is now casting himself as a reliable friend and trading partner to Europe as the Trump Administratio‚Ä¶ https://t.co/mLnys22EJW,Wed Jun 06 14:00:10 +0000 2018,0.49,0.15,0.00,0.85
The New York Times,"Bill Clinton admitted that the ""Today"" interview ""wasn't my finest hour."" But then he doubled down on much of what‚Ä¶ https://t.co/kuFffClpwV",Wed Jun 06 13:50:06 +0000 2018,0.10,0.07,0.00,0.94
The New York Times,RT @MichaelPaulson: He's one of Broadway's big three theater owners. But he's unlike any theater impresario you've seen before. A profile o‚Ä¶,Wed Jun 06 13:40:04 +0000 2018,0.00,0.00,0.00,1.00
The New York Times,California primary election results https://t.co/H5zUOKoq0v,Wed Jun 06 13:30:07 +0000 2018,0.00,0.00,0.00,1.00
The New York Times,"Gavin Newsom, the Democratic lieutenant governor and former mayor of San Francisco, took a major step in his bid to‚Ä¶ https://t.co/URxxntv4rH",Wed Jun 06 13:14:01 +0000 2018,0.00,0.00,0.00,1.00
The New York Times,Morning¬†Briefing: Here's what you need to know to start your day https://t.co/lM4Ml4Iq8F https://t.co/Q38v6OjOvD,Wed Jun 06 13:00:07 +0000 2018,0.00,0.00,0.00,1.00
The New York Times,"Aaron Persky, the California judge who sentenced Brock Turner to just six months in jail for sexually assaulting an‚Ä¶ https://t.co/NSlLMUslMi",Wed Jun 06 12:44:04 +0000 2018,-0.53,0.00,0.20,0.80
The New York Times,"The Trump administration is using its envoys, ""even in our closest allies, to advance a nationalist and very aggres‚Ä¶ https://t.co/SAcdPBeSOj",Wed Jun 06 12:29:05 +0000 2018,0.00,0.00,0.00,1.00
The New York Times,"Senator Mitch McConnell announced that he is canceling most of the Senate‚Äôs monthlong August recess, a change that‚Ä¶ https://t.co/DU2Mppfjr6",Wed Jun 06 12:21:06 +0000 2018,0.00,0.00,0.00,1.00
The New York Times,"@AmyMek The reporter was accused by @AmyMek's supporters of ""doxxing"" her and her family. Then they doxxed him. ""Th‚Ä¶ https://t.co/RgFezhwnF2",Wed Jun 06 12:15:00 +0000 2018,0.18,0.13,0.10,0.78
The New York Times,"@AmyMek The backlash for the restaurant was instantaneous: It played out on Twitter, on Facebook and in bogus revie‚Ä¶ https://t.co/2Lld1QkScX",Wed Jun 06 12:12:12 +0000 2018,0.34,0.11,0.00,0.89
The New York Times,"HuffPost wrote a profile of @AmyMek, a prolific Twitter firebrand who frequently attacks Islam. It revealed her nam‚Ä¶ https://t.co/dkbE7MMihH",Wed Jun 06 12:11:03 +0000 2018,-0.44,0.00,0.15,0.85
The New York Times,"Your daily @DealBook Briefing:

‚Ä¢ Did national security take a back seat in Facebook‚Äôs data sharing?¬†

‚Ä¢ ZTE may so‚Ä¶ https://t.co/McAFeF0Ala",Wed Jun 06 12:00:06 +0000 2018,0.64,0.24,0.00,0.76
The New York Times,5 takeaways from Tuesday's primary elections https://t.co/CuTUvtOC68,Wed Jun 06 11:50:04 +0000 2018,0.00,0.00,0.00,1.00
The New York Times,"Sean Patrick Maloney, a Hudson Valley Democrat and New York's first openly gay member of Congress, will run for New‚Ä¶ https://t.co/Acw6PJqSBf",Wed Jun 06 11:40:04 +0000 2018,0.00,0.00,0.00,1.00
The New York Times,"A printing error improperly left about 119,000 names off voting rosters in Los Angeles County, forcing many to cast‚Ä¶ https://t.co/8T4awtg5Ua",Wed Jun 06 11:31:05 +0000 2018,-0.40,0.00,0.13,0.87
The New York Times,"Nook spent the first few years of his life in an affluent suburb. But when he returned to Baltimore, he became part‚Ä¶ https://t.co/AbkzT6PZbo",Wed Jun 06 11:14:04 +0000 2018,0.00,0.00,0.00,1.00
The New York Times,California primary election results https://t.co/FDlBt3Y7RQ,Wed Jun 06 11:00:11 +0000 2018,0.00,0.00,0.00,1.00
The New York Times,"""What's happening here is you have a president saying, 'I can do what I want to do.' Well, are you going to do it o‚Ä¶ https://t.co/z4GcIzQzPN",Wed Jun 06 10:44:06 +0000 2018,0.34,0.13,0.00,0.87
The New York Times,"All European Union countries must recognize same-sex marriage, at least in relation to immigration cases where one‚Ä¶ https://t.co/Vx9Z7p9gjY",Wed Jun 06 10:31:03 +0000 2018,0.00,0.00,0.00,1.00
The New York Times,Morning¬†Briefing: Here's what you need to know to start your day https://t.co/zx3R7ub70a https://t.co/iU0ceDkjgx,Wed Jun 06 10:14:06 +0000 2018,0.00,0.00,0.00,1.00
The New York Times,"""Of course it has to be led by a man"" he said, ""because it is a very challenging position"" https://t.co/LliNVBNxE8",Wed Jun 06 10:03:04 +0000 2018,0.22,0.10,0.00,0.90
The New York Times,"""When you realize that your country has become a cemetery of dreams, you need to find dreams elsewhere."" Many Greek‚Ä¶ https://t.co/kaT3dbNbjD",Wed Jun 06 09:45:02 +0000 2018,0.66,0.23,0.00,0.77
The New York Times,Ethiopia announced that it would accept a 2000 peace agreement with Eritrea over their disputed border https://t.co/Ruxdoq9ni2,Wed Jun 06 09:31:07 +0000 2018,0.78,0.39,0.10,0.51
The New York Times,California primary election results https://t.co/Es2ZYkx9EC,Wed Jun 06 09:16:03 +0000 2018,0.00,0.00,0.00,1.00
The New York Times,"Alexander Gauland, the co-leader of a German anti-immigrant party, had his clothes stolen while he was swimming in‚Ä¶ https://t.co/BD1xJjJMLv",Wed Jun 06 09:00:05 +0000 2018,-0.13,0.12,0.15,0.73
The New York Times,"Greece's long feud with Macedonia, the Balkan neighbor that claims the same ancient name as its northern region, is‚Ä¶ https://t.co/iKBOU20WGs",Wed Jun 06 08:45:04 +0000 2018,-0.34,0.00,0.11,0.89
The New York Times,"The NYT review of ""Ocean's 8"" https://t.co/tZZzL1jstD",Wed Jun 06 08:30:12 +0000 2018,0.00,0.00,0.00,1.00
The New York Times,RT @nytimesworld: Putin disavows any desire to divide the European Union as he watches the Trump administration treat its Western allies as‚Ä¶,Wed Jun 06 08:14:03 +0000 2018,0.66,0.21,0.00,0.79
The New York Times,"Here's a look at the key races in the California primary https://t.co/8IZ85kf0tq
And here are the results, as they‚Ä¶ https://t.co/Gma8JIifv5",Wed Jun 06 08:05:04 +0000 2018,0.00,0.00,0.00,1.00
The New York Times,"More children in Afghanistan are out of school now than a few years ago, according to a study by Unicef. Its execut‚Ä¶ https://t.co/6EzLq5TrIE",Wed Jun 06 08:02:01 +0000 2018,0.00,0.00,0.00,1.00
The New York Times,"Giant salamander farms in China ""are driving the extinction of most of the species by homogenizing them"" https://t.co/i4X5fbm3AI",Wed Jun 06 07:45:09 +0000 2018,0.00,0.00,0.00,1.00
The New York Times,"Aaron Persky, the California judge who sentenced a Stanford student to just six months in jail for sexually assault‚Ä¶ https://t.co/XElUHKQFrT",Wed Jun 06 07:32:02 +0000 2018,-0.03,0.00,0.06,0.94
The New York Times,"Separating children from migrant families entering the U.S. violates their rights and international law, the UN's h‚Ä¶ https://t.co/6EqWJTorcG",Wed Jun 06 07:17:03 +0000 2018,-0.51,0.00,0.16,0.84
The New York Times,"RT @nytDeniseGrady: Immunotherapy can be a lifesaver for people with cancer, but sometimes it can backfire. Here's what happened to 3 patie‚Ä¶",Wed Jun 06 07:01:27 +0000 2018,-0.08,0.10,0.12,0.78
The New York Times,"California voters recalled Judge Aaron Persky, who gave a 6-month sentence for sexual assault. He's the first judge‚Ä¶ https://t.co/ohbWSHnixT",Wed Jun 06 06:54:50 +0000 2018,-0.54,0.06,0.18,0.76
The New York Times,"Iran announced that it had completed a new centrifuge assembly center, in a first step to increasing its nuclear en‚Ä¶ https://t.co/X0AvNmD8ER",Wed Jun 06 06:45:03 +0000 2018,0.00,0.00,0.00,1.00
The New York Times,"Updated: California election results, as they come in https://t.co/YBMAiq2YVl https://t.co/X7JkeYg3WP",Wed Jun 06 06:31:06 +0000 2018,0.00,0.00,0.00,1.00
